recipe_id,line_no,raw_line,modifier_text,ip_state,ip_comment,ip_purpose,corrected_state,corrected_notes,note_to_self
1,2,2 liter Milk - full cream,full cream,,,,,,
2,8,Salt - as per your taste,as per your taste,,as per your taste,,,as per your taste,
3,6,salt - as per taste,as per taste,,as per taste,,,as per taste,
4,1,2 Sweet Potatoes - medium size,medium size,,,,,medium ,size
4,4,Turmeric powder (Haldi) - a pinch,a pinch,,,,,,
4,5,Asafoetida (hing) - a pinch,a pinch,,,,,,
4,6,Salt - to taste,to taste,,to taste,,,to taste,
5,1,2 Banana flower (Vazhaipoo) - ripe,ripe,,,,ripe,,
5,2,1 cup Coconut milk - thick,thick,,,,,thick,size
5,3,3 cups Coconut milk - thin,thin,,thin,,,thin,size
5,9,3/4 teaspoon Salt - and some more for cooking the chana dal,and some more for cooking the chana dal,,and some more,for cooking the chana dal,,and some more for cooking the chana dal,
5,10,Water - as required,as required,,as required,,,as required,
6,8,Salt - to taste,to taste,,to taste,,,to taste,
6,9,Sunflower Oil - for cooking,for cooking,,,for cooking,,for cooking,
7,2,1 Onion - big,big,,big,,,big,size
7,4,1 cup Coconut milk - thick,thick,,,,,thick,size
7,9,Salt - to taste,to taste,,to taste,,,to taste,
8,9,1 tablespoon Ginger - juliennes,juliennes,,,,juliennes,,
8,15,Salt - to taste,to taste,,to taste,,,to taste,
9,1,2 Seer fish - slices,slices,,,,slices,,
9,3,Salt - to taste,to taste,,to taste,,,to taste,
10,6,Salt - to taste,to taste,,to taste,,,to taste,
11,3,1 cup coconut - tighten,tighten,,,,tighten,,
11,6,salt - as per taste,as per taste,,as per taste,,,as per taste,
13,3,Salt - to taste,to taste,,to taste,,,to taste,
13,5,Coconut Oil - for cooking,for cooking,,,for cooking,,for cooking,
13,13,Sunflower Oil - for tempering,for tempering,,,for tempering,,for tempering,
14,1,500 Chicken - medium sized pieces,medium sized pieces,,,,,medium sized pieces,size
14,8,Salt - as per taste,as per taste,,as per taste,,,as per taste,
15,1,1 cup Mixed vegetables - (french beans,(french beans,,,,,,
15,4,Salt - to taste,to taste,,to taste,,,to taste,
15,13,Asafoetida (hing) - A pinch,A pinch,,,,,,
15,14,Curry leaves - as required,as required,,as required,,,as required,
16,1,250 gm arabic - wash now,wash now,,wash now,,,wash now,
16,3,1 tamarind - Malabar,Malabar,,,,,,
16,4,salt - as per taste,as per taste,,as per taste,,,as per taste,
16,5,1/4 cup coconut - scrape,scrape,,,,scraped,,
16,9,2 onions - peel and chop,peel and chop,,peel and chop,,peel and chop,,
16,12,2 dry red chillies - break,break,,,,break,,
17,10,Coconut Oil - for cooking,for cooking,,,for cooking,,for cooking,
17,11,Salt - to taste,to taste,,to taste,,,to taste,
17,14,Salt - to taste,to taste,,to taste,,,to taste,
18,9,Sunflower Oil - for deep frying,for deep frying,,,for deep frying,,for deep frying,
19,1,1/2 kg Fish - (I have used sardine cleaned and cut),(I have used sardine cleaned and cut),,(I have used sardine cleaned and cut),,cleaned and cut,,
19,2,Tamarind Water - extract from a big lemon sized tamarind,extract from a big lemon sized tamarind,,extract from a big lemon sized tamarind,,,size,
19,7,Salt - to taste,to taste,,to taste,,to taste,,
21,8,Salt - Pinch,Pinch,,,,pinch,,
22,8,Salt - to taste,to taste,,to taste,,to taste,,
22,9,Coconut Oil - for cooking,for cooking,,,for cooking,,for cooking,
23,6,1/4 teaspoon Enos fruit salt - optional,optional,,optional,,,optional,
23,7,Ghee - for cooking,for cooking,,,for cooking,,for cooking,
23,8,Salt - a pinch,a pinch,,a pinches,,,a pinch,
24,2,Tamarind - small lemon sized,small lemon sized,,,,,small lemon sized,size
24,6,1/4 teaspoon Asafoetida (hing) - powder,powder,,,,,,
24,8,Salt - to taste,to taste,,to taste,,,to taste,
25,5,Salt - to taste,to taste,,to taste,,,to taste,
25,15,Salt - to taste,to taste,,to taste,,,to taste,
25,16,2 tablespoons Coconut Oil - as required,as required,,as required,,,as required,
26,2,1 Tamarind - malabar,malabar,,,,,,
26,3,Salt - to taste,to taste,,to taste,,,to taste,
27,3,1 cup Curd (Dahi / Yogurt) - or buttermilk,or buttermilk,,Dahi,,,or butter milk,substitute
27,4,pinch Turmeric powder (Haldi) - to reduce bitter from bitter gourd,to reduce bitter from bitter gourd,,to reduce bitter from bitter gourd,,,,
27,5,Salt - to taste,to taste,,to taste,,,to taste,
27,12,Curry leaves - few,few,,,,,few,amt
28,9,Salt - to taste,to taste,,to taste,,,to taste,
29,2,1 Green Chilli - adjustable,adjustable,,adjustable,,,adjustable,
29,11,Tamarind - Gooseberry Sized,Gooseberry Sized,,,,,,
29,12,Sunflower Oil - as required,as required,,as required,,,as required,
29,13,Salt - to taste,to taste,,to taste,,,to taste,
30,4,Salt - to taste,to taste,,to taste,,,to taste,
31,8,1 dry red chili - Break it,Break it,,Break it,,,break it,
31,10,salt - as per taste,as per taste,,as per taste,,,as per taste,
32,1,1-1/2 cups Mixed dry fruits - I used apricot,I used apricot,,I used apricot,,,,
32,2,3/4 cup Rum - or Double with orange juice,or Double with orange juice,,or Double with orange juice,,,,
32,15,1-1/2 cups Mixed nuts - I used almond,I used almond,,I used almond,,,,
33,1,1 Mango (Ripe) - peel & slice,peel & slice,,,,peel and slice,,
33,12,Salt - to taste,to taste,,to taste,,,to taste,
34,7,Salt - to taste,to taste,,to taste,,,to taste,
34,8,Coconut Oil - as required,as required,,as required,,,as required,
36,3,500 ml Champagne - or Sparkling wine,or Sparkling wine,,,,,,
36,5,1/4 cup Guava - cubes (optional),cubes (optional),,(optional),,,optional,
36,6,1/4 cup Papaya - cubes (optional),cubes (optional),,(optional),,,optional,
37,7,100 ml Rum - or orange juice (adjust),or orange juice (adjust),,,,,,substitute
38,15,Salt - to taste,to taste,,to taste,,,to taste,
38,16,Coconut Oil - for cooking,for cooking,,,for cooking,,for cooking,
40,1,500 grams Prawns - tiger,tiger,,,,,,
40,9,Turmeric powder (Haldi) - a pinch (optional),a pinch (optional),,(optional),,,optional,
40,11,Curry leaves - Few,Few,,,,,few,amt
40,13,Salt - to taste,to taste,,to taste,,,to taste,
41,7,1/2 teaspoon Fennel seeds (Saunf) - in case you don't have fennel seeds you could use cumin seeds,in case you don't have fennel seeds you could use cumin seeds,,in case you don't have fennel seeds you could use cumin seeds,,,,sub
41,10,1/2 cup Coconut milk - thick,thick,,,,,Thick,size
41,11,Coconut Oil - or vegetable oil as required,or vegetable oil as required,,as required,,,or vegetable oil,Sub
42,8,Salt - to taste,to taste,,to taste,,,to taste,
42,9,Curry leaves - a sprig,a sprig,,,,,1 sprig,
43,2,1/2 cup green peas - optional,optional,,optional,,,optional,
43,8,Salt - as per taste,as per taste,,as per taste,,,as per taste,
43,9,1 tsp oil - as per use,as per use,,as per use,,,as per use,
44,2,20 green beans - chop,chop,,chop,,chopped,,
44,7,1 teaspoon salt - as per taste,as per taste,,as per taste,,,as per taste,
45,4,Salt - to taste,to taste,,to taste,,,to taste,
45,5,1 tablespoon Extra Virgin Olive Oil - to toss,to toss,,to toss,,To toss,,
46,7,Sunflower Oil - for deep frying,for deep frying,,,for deep frying,,for deep frying,
47,14,Sunflower Oil - as required,as required,,as required,,,as reqiored,
49,11,Salt - to taste,to taste,,to taste,,,to taste,
51,3,5 Shallots - (pearl onions),(pearl onions),,(pearl onions),,,,
51,5,3 Garlic - cloves,cloves,,,,,,
51,13,Salt - to taste,to taste,,to taste,,,to taste,
52,12,Salt - to taste,to taste,,to taste,,,to taste,
53,8,Salt - to taste,to taste,,to taste,,,to taste,
54,5,1 teaspoon Salt - to taste,to taste,,to taste,,,to taste,
55,2,Sunflower Oil - as required,as required,,as required,,,as required,
55,11,Salt - to taste,to taste,,to taste,,,to taste,
56,8,1 inch Ginger - crushed or a coarse paste,crushed or a coarse paste,,,,crushed or a course paste,,
56,9,6 cloves Garlic - crushed or a coarse paste,crushed or a coarse paste,,,,crushed or a course paste,,
56,16,1 cup Coconut milk - thick,thick,,,,,thick,size
56,17,Salt - as per your taste,as per your taste,,as per your taste,,,as per your taste,
57,5,Salt - to taste,to taste,,to taste,,,to taste,
59,1,500 grams Sardine fish - (mathi,(mathi,,,,,,
59,6,1 tablespoon Red Chilli powder - (add more if you like more spicy),(add more if you like more spicy),,(add more if you like more spicy),,,,
59,14,Salt - to taste,to taste,,to taste,,,to taste,
59,15,Water - as required,as required,,as required,,,as required,
60,2,Salt - to taste,to taste,,to taste,,,to taste,
60,4,1 teaspoon Red Chilli powder - (add according to taste),(add according to taste),,(add according to taste),,,to taste,
61,15,salt - to taste,to taste,,to taste,,,to taste,
62,2,6 Fresh coconut - chunks,chunks,,,,,,
62,11,2 teaspoons Kashmiri Red Chilli Powder - adjustable,adjustable,,adjustable,,,adjustable,
62,12,1 teaspoons Red Chilli powder - adjustable,adjustable,,adjustable,,,adjustable,
62,15,Salt - to taste,to taste,,to taste,,,to taste,
62,16,Sunflower Oil - as required,as required,,as required,,,as required,
63,8,3 tablespoons Jaggery - (adjust to taste),(adjust to taste),,(adjust to taste),,,to taste,
63,9,1/4 teaspoon Salt - or to taste,or to taste,,or to taste,,,to taste,
64,4,1 tablespoon Fennel seeds (Saunf) - pound,pound,,,,,,
66,4,1 teaspoon Active dry yeast -  + 1/2 cup of luke warm water,+ 1/2 cup of luke warm water,,,,,,2 ingredients in one
66,6,Salt - to taste,to taste,,to taste,,,to taste,
67,5,Salt - to taste,to taste,,to taste,,,to taste,
68,9,Ghee - for cooking,for cooking,,,for cooking,,for cooking,
69,1,500 grams Mutton - with bone (adds flavour),with bone (adds flavour),,with bone,,,with bone,
69,3,Salt - as per your taste,as per your taste,,as per your taste,,,to taste,
69,16,Salt - as per your taste,as per your taste,,as per your taste,,,to taste,
70,13,Salt - to taste,to taste,,to taste,,,to taste,
70,14,Coconut Oil - for cooking,for cooking,,,for cooking,,for cooking,
71,5,salt - to taste,to taste,,to taste,,,to taste,
72,8,salt - as per taste,as per taste,,as per taste,,,to taste,
72,9,oil - as per use,as per use,,as per use,,,as per use,
73,2,oil - as per use,as per use,,as per use,,,as per use,
73,11,salt - as per taste,as per taste,,as per taste,,,to taste,
74,15,Sunflower Oil - as required,as required,,as required,,,as required,
74,16,Salt - to taste,to taste,,to taste,,,to taste,
75,5,turmeric powder - a pinch,a pinch,,a pinches,,,a pinch,amt
75,7,1/2 teaspoon Fennel - or cumin,or cumin,,,,,or cumin,substitute
75,8,1/2 teaspoon fenugreek seeds - grind,grind,,grinds,,grinded,,
75,11,coconut oil - as per use,as per use,,as per use,,,as per use,
76,3,1 tablespoon Red Chilli powder - (adjust),(adjust),,,,,adjust,
76,7,Salt - to taste,to taste,,to taste,,,to taste,
76,8,Coconut Oil - for shallow frying,for shallow frying,,,for shallow frying,,for shallow frying,
76,9,Curry leaves - a few sprigs,a few sprigs,,,,,few sprigs,amt
77,8,Salt - to taste,to taste,,to taste,,,to taste,
78,9,Salt - to taste,to taste,,to taste,,,to taste,
79,9,Salt - to taste,to taste,,to taste,,,to taste,
80,8,2 teaspoon Chicken masala - (you can use other too but I prefer eastern masalas for kerala style preparations),(you can use other too but I prefer eastern masalas for kerala style preparations),,(you cans use other too but I prefer eastern masalas for kerala style preparations),,,you can use other masalas,sub
80,12,Curry leaves - Handful,Handful,,Handfuls,,,Handful,amt
81,10,Salt - as per taste,as per taste,,as per taste,,,to taste,
81,11,40 grams Instant Oats (Oatmeal) - Masala one,Masala one,,Masala,,,,Possible join
82,16,Coconut Oil - for cooking,for cooking,,,for cooking,,for cooking,
82,17,Salt - to taste,to taste,,to taste,,,to taste,
83,12,Salt - to taste,to taste,,to taste,,,to taste,
84,4,salt - as per taste,as per taste,,as per taste,,,to taste,
84,5,1 tablespoon olive oil - as per use,as per use,,as per use,,,as per use,
85,7,Ghee - as required,as required,,as required,,,as required,
86,9,Salt - to taste,to taste,,to taste,,,to taste,
86,15,Salt - to taste,to taste,,to taste,,,to taste,
87,6,Salt - to taste,to taste,,to taste,,,to taste,
87,9,1/2 cup Fresh coconut - pieces,pieces,,,,pieces,,
88,4,1 cup Coconut milk - thick (1st extract),thick (1st extract),,thick (1st extract),,,thick,size
88,5,1-1/2 cups Coconut milk - (2nd & 3rd extract),(2nd & 3rd extract),,(2nd & 3rd extract),,,(2nd and third extract),
88,8,2 teaspoons Fresh coconut - slices,slices,,,,sliced,,
88,10,Ghee - as required,as required,,as required,,,as required,
89,5,Salt - to taste,to taste,,to taste,,,to taste,
91,4,Salt - to taste,to taste,,to taste,,,to taste,
92,9,Salt - to taste,to taste,,to taste,,,to taste,
92,10,Coconut Oil - for cooking,for cooking,,,for cooking,,for cooking,
93,1,1 cup Cauliflower (gobi) - florets,florets,,,,,,
93,3,2 to 3 tablespoons Green peas (Matar) - fresh or frozen,fresh or frozen,,fresh or frozen,,,Fresh/frozen,dry/raw
93,14,1 cup Coconut milk - thin,thin,,thin,,,thin,size
93,15,1/2 cup Coconut milk - thick,thick,,,,,thick,sizee
93,16,Salt - as required,as required,,as required,,,as required,
93,18,Sunflower Oil - as required,as required,,as required,,,as required,
94,11,Salt - to taste,to taste,,to taste,,,to taste,
95,7,Salt - to taste,to taste,,to taste,,,to taste,
96,7,1/2 tsp cardamom powder - more or less,more or less,,more or less,,,adjust,
96,8,3 tbsp jaggery - Add more or less salt to taste,Add more or less salt to taste,,Add more or less salt to taste,,,more or less salt to taste,
97,12,Salt - to taste,to taste,,to taste,,,to taste,
98,1,250 grams small potatoes - half cut,half cut,,half cut,,half cut,,
98,16,coconut oil - to cook,to cook,,to cook,,,to cook,
98,17,salt - to taste,to taste,,to taste,,,to taste,
99,1,1 cup Red matta rice - or Basmati Rice,or Basmati Rice,,,,,or basmatic rice,sub
100,14,Coconut Oil - for cooking,for cooking,,,for cooking,,for cooking,
100,15,Salt - to taste,to taste,,to taste,,,to taste,
100,19,Coconut Oil - for cooking,for cooking,,,for cooking,,for cooking,
101,2,turmeric powder - a pinch,a pinch,,a pinches,,,a pinch,amt
101,6,salt - 1 sprig curry leaves,1 sprig curry leaves,,,,,,possible error join
101,8,Coconut oil - as per use,as per use,,as per use,,,as per use,
102,8,Sunflower Oil - as required,as required,,as required,,,as required,
102,9,Salt - to taste,to taste,,to taste,,,to taste,
102,10,Salt - to taste,to taste,,to taste,,,to taste,
103,8,Salt - to taste,to taste,,to taste,,,to taste,
104,5,1 raw banana - peel and chop straight,peel and chop straight,,peel and chop straight,,peel and chop straight,,
104,6,2 potatoes - peel and chop straight,peel and chop straight,,peel and chop straight,,peel and chop straight,,
104,7,250 grams Yam - peel and chop,peel and chop,,peel and chop,,Peel and chop,,
104,13,salt - as per taste,as per taste,,as per taste,,,to taste,
105,4,Salt - to taste,to taste,,to taste,,,to taste,
106,13,2 teaspoon Fresh coconut - (1/2 inch size),(1/2 inch size),,,,,1/2 inch,size
108,10,Salt - to taste,to taste,,to taste,,,to taste,
109,3,Salt - (if required),(if required),,(if required),,,if required,
110,3,10 Shallots - or 1 large onion,or 1 large onion,,or 1 large onion,,,or 1 large onion,sun
110,5,1 teaspoon Red Chilli flakes - adjust as per spice tolerance,adjust as per spice tolerance,,adjust as per spice tolerance,,,adjust as per spice tolerance,
110,6,Salt - as per taste,as per taste,,as per taste,,,as per taste,
110,8,Coconut Oil - enough to shallow fry,enough to shallow fry,,enough to shallow fry,,,enough to shallow fry,
110,9,2 tablespoons Fresh coconut - pieces,pieces,,,,pieces,,
111,1,1 cup Rice puttu - or wheat puttu,or wheat puttu,,,,,or wheat puttu,sub
111,10,Salt - to taste,to taste,,to taste,,,to taste,
112,9,Salt - to taste,to taste,,to taste,,,to taste,
113,6,3 Garlic - cloves,cloves,,,,,,
114,2,1 cup Cashew nuts - unsalted,unsalted,,,,,unsalted cashews,
114,3,1 cup Jaggery - powdered or brown sugar,powdered or brown sugar,,,,,or brown sugar,sub
115,15,Coconut Oil - for cooking,for cooking,,,for cooking,,For cooking,
115,16,Salt - to taste,to taste,,to taste,,,to taste,
116,4,Salt - to taste,to taste,,to taste,,,to taste,
116,6,1 cup Curd (Dahi / Yogurt) - thick and sour,thick and sour,,"Dahi, thick and sour",,thick and sour,,
117,10,Salt - to taste,to taste,,to taste,,,to taste,
118,7,Salt - to taste,to taste,,to taste,,,to taste,
119,10,1 teaspoon Coconut Oil - adjustable,adjustable,,adjustable,,,adjustable,
119,13,2 Kokum (Malabar Tamarind) - for the curry,for the curry,,,for the curry,,for the curry,
119,14,Salt - to taste,to taste,,to taste,,,to taste,
120,3,Salt - to taste,to taste,,to taste,,,to taste,
120,5,3 Green Chillies - (adjust),(adjust),,,,,adjustable,
121,10,Salt - to taste,to taste,,to taste,,,to taste,
122,5,Salt - to taste,to taste,,to taste,,,to taste,
123,5,1 Onions - red,red,,red,,,Red Onion,
123,8,1/2 cup Coconut milk - thin,thin,,thin,,,thin,size
123,9,3/4 cup Coconut milk - thick,thick,,,,,thick,size
123,10,Salt - to taste,to taste,,to taste,,,to taste,
124,4,Curry leaves - few sprigs,few sprigs,,,,,few sprigs,amt
125,1,1 cup cabbage - wash and chop finely,wash and chop finely,,wash and chop finely,,wash and chop finely,,
125,7,salt - as per taste,as per taste,,as per taste,,,to taste,
125,8,Oil - 5 tablespoons coconut - as per use,5 tablespoons coconut - as per use,,as per use,,,as per use,
125,11,3 cloves garlic - chop,chop,,,,chopped,,
125,12,2 green chillies - chop,chop,,chop,,chopped,,
127,6,1 teaspoon Coconut Oil - or regular oil,or regular oil,,,,,or regular oil,sub
127,12,1 teaspoon Salt - adjust as per your taste,adjust as per your taste,,adjust as per your taste,,,to taste,
128,8,1/4 cup Fresh coconut - pieces,pieces,,,,pieces,,
128,12,Water - enough to cook the prawns,enough to cook the prawns,,enough to cook the prawns,,,Enough to cook prawns,amt
128,13,Salt - to taste,to taste,,to taste,,,to taste,
129,1,1-1/2 cups Mixed vegetables - (potatoes,(potatoes,,,,,,
129,8,1 cup Coconut milk - thin,thin,,thin,,,thin,size
129,9,1 cup Coconut milk - thick,thick,,,,,thick,size
129,15,2 sprig Mint Leaves (Pudina) - made to paste,made to paste,,made to paste,,,made to paste,
129,16,Salt - to taste,to taste,,to taste,,,to taste,
130,4,Salt - to taste,to taste,,to taste,,,to taste,
131,5,Salt - as required,as required,,as required,,,as required,
131,6,Water - as required,as required,,as required,,,as required,
132,2,1 tablespoon Ghee - for dough,for dough,,,for dough,,for dough,
132,7,Salt - to taste,to taste,,to taste,,,to taste,
133,9,Salt - to taste,to taste,,to taste,,,to taste,
133,14,Salt - to taste,to taste,,to taste,,,to taste,
133,16,1/2 tablespoon Ginger - paste,paste,,,,,ginger paste,
133,17,1/2 tablespoon Garlic - paste,paste,,,,,garlic paste,
133,18,5 - 6 Green Chillies,6 Green Chillies,,,,,,
133,20,1 Fresh coconut - handful,handful,,,,,,
133,21,1 Coriander (Dhania) Leaves - handful,handful,,,,,,
133,26,Sunflower Oil - vegetable oil,vegetable oil,,,,,,
133,27,1 Salt - to taste,to taste,,to taste,,,to taste,
133,28,1 Cashew nuts - handful,handful,,,,,,
133,29,1 Raisins - handful,handful,,,,,,
134,8,Water - as required,as required,,as required,,,as required,
134,9,Sunflower Oil - to deep fry,to deep fry,,to deep fry,,,to deep fry,
135,8,10 Shallots - whole or cut into half,whole or cut into half,,whole or cut into half,,whole or cut into half,,
135,14,Salt - to taste,to taste,,to taste,,,to  taste,
135,22,1 Curry leaves - few,few,,,,,,
136,12,Salt - to taste,to taste,,to taste,,,to taste,
137,4,20 grams Tamarind - lemon sized,lemon sized,,lemon sized,,,lemon sized,size
137,13,Coconut Oil - for cooking,for cooking,,,for cooking,,for cooking,
137,14,Salt - to taste,to taste,,to taste,,,to taste,
139,12,Salt - to taste,to taste,,to taste,,,to taste,
140,1,2 cups Drumstick Leaves (Moringa/Murungai Keerai) - or Murrungai Keerai,or Murrungai Keerai,,Moringa,,,,
140,6,Salt - to taste,to taste,,to taste,,,Murrungai Keerai,sub
140,7,Coconut Oil - for cooking,for cooking,,,for cooking,,for cooking,
141,5,1 teaspoon Ginger - paste,paste,,,,,ginger paste,
141,13,Salt - to taste,to taste,,to taste,,,Murrungai Keerai,
142,8,Salt - to taste,to taste,,to taste,,,Murrungai Keerai,
143,3,8 Garlic - cloves,cloves,,,,,,
144,11,Salt - as required,as required,,as required,,,as required,
145,6,Coriander (Dhania) Leaves - few sprigs,few sprigs,,Leaves,,,few sprigs,amt
145,8,Salt - to taste,to taste,,to taste,,,to taste,
