recipe_id,line_no,raw_line,regex_name,ip_patched_name,regex_qty,ip_qty,regex_unit,ip_unit,flag_name_disagree,flag_qty_disagree,flag_unit_disagree,corrected_name,corrected_qty,corrected_unit
1,2,2 liter Milk - full cream,Milk,Milk; full cream,2,2,liter,liter,TRUE,FALSE,FALSE,Milk,2    ,liter
2,1,1-1/2 cups Curd (Dahi / Yogurt) - thick,Curd (Dahi / Yogurt),Curd (Dahi / Yogurt),1/1/2002,2-Jan,cups,cup,FALSE,TRUE,FALSE,Curd (Dahi / Yogurt),1 1/2,cups
3,3,1/2 cup black gram,black gram,black grams,2-Jan,2-Jan,cup,cup,TRUE,FALSE,FALSE,black gram, 1/2,cup
4,4,Turmeric powder (Haldi) - a pinch,Turmeric powder (Haldi),Turmeric powder (Haldi),,1,,pinch,FALSE,TRUE,TRUE,Turmeric powder (Haldi),1    ,pinch
4,5,Asafoetida (hing) - a pinch,Asafoetida (hing),Asafoetida (hing),,1,,pinch,FALSE,TRUE,TRUE,Asafoetida (hing) - a pinch,1    ,pinch
5,1,2 Banana flower (Vazhaipoo) - ripe,Banana flower (Vazhaipoo),Banana flower (Vazhaipoo) - ripe,2,2,,,TRUE,FALSE,FALSE,Banana flower (Vazhaipoo),2    ,
5,7,2 Cardamom (Elaichi) Pods/Seeds,Cardamom (Elaichi) Pods/Seeds,Cardamom (Elaichi) Pods/Seeds,2,2,,Pods,FALSE,FALSE,TRUE,Cardamom (Elaichi) Pods/Seeds,2    ,
8,9,1 tablespoon Ginger - juliennes,Ginger,Ginger - juliennes,1,1,tablespoon,tablespoon,TRUE,FALSE,FALSE,Ginger,1    ,tablespoons
9,1,2 Seer fish - slices,Seer fish,Seer fish,2,2,,slices,FALSE,FALSE,TRUE,Seer fish,2    ,
9,7,1 inch Ginger,Ginger,Ginger,1,,inch,,FALSE,TRUE,TRUE,Ginger,1    ,inch
9,10,1 inch Cinnamon Stick (Dalchini),Cinnamon Stick (Dalchini),Cinnamon Sticks (Dalchini),1,,inch,,TRUE,TRUE,TRUE,Cinnamon,1    ,inch
9,11,2 Cloves (Laung),(Laung),Cloves,2,2,Cloves,,TRUE,FALSE,TRUE,Cloves (Laung),2    ,
10,3,4 to 5 Shallots,Shallots,Shallots,4to5,4,,,FALSE,TRUE,FALSE,Shallots,4    ,
10,5,1-1/2 cups Hung Curd (Greek Yogurt),Hung Curd (Greek Yogurt),Hung Curd (Greek Yogurt),1/1/2002,2-Jan,cups,cup,FALSE,TRUE,FALSE,Shallots,4-5,
11,3,1 cup coconut - tighten,coconut,coconut - tighten,1,1,cup,cup,TRUE,FALSE,FALSE,coconut,1    ,cup
11,4,1 tsp active dry yeast - + 1/2 cup lukewarm water,active dry yeast,active dry yeast; water,1,1,tsp,teaspoon,TRUE,FALSE,FALSE,active dry yeast,1    ,tsp
12,1,1-1/2 cups Milk,Milk,Milk,1/1/2002,2-Jan,cups,cup,FALSE,TRUE,FALSE,Milk,1 1/2,cups
14,1,500 Chicken - medium sized pieces,Chicken,Chicken; sized pieces,500,500,,,TRUE,FALSE,FALSE,Chicken,500    ,g
14,3,1 inch Ginger - grated,Ginger,Ginger,1,,inch,,FALSE,TRUE,TRUE,Ginger,1    ,inch
14,9,1/2 cup Coconut milk - or grated fresh coconut,Coconut milk,Coconut milk; fresh coconut,2-Jan,2-Jan,cup,cup,TRUE,FALSE,FALSE,Coconut Milk, 1/2,cup
14,12,1 inch Cinnamon Stick (Dalchini),Cinnamon Stick (Dalchini),Cinnamon Sticks (Dalchini),1,,inch,,TRUE,TRUE,TRUE,Cinnamon,1    ,inch
15,1,1 cup Mixed vegetables - (french beans,Mixed vegetables,Mixed vegetables - french beans,1,1,cup,cup,TRUE,FALSE,FALSE,Mixed Vegetables - french beans,1    ,cup
15,10,1 inch Cinnamon Stick (Dalchini),Cinnamon Stick (Dalchini),Cinnamon Sticks (Dalchini),1,,inch,,TRUE,TRUE,TRUE,Cinnamon,1    ,inch
15,13,Asafoetida (hing) - A pinch,Asafoetida (hing),Asafoetida (hing),,1,,pinch,FALSE,TRUE,TRUE,Asafoetida (hing),1    ,pinch
16,3,1 tamarind - Malabar,tamarind,tamarind - Malabar,1,1,,,TRUE,FALSE,FALSE,tamarind,1    ,
16,5,1/4 cup coconut - scrape,coconut,coconut - scrape,4-Jan,4-Jan,cup,cup,TRUE,FALSE,FALSE,coconut, 1/4,cup
16,12,2 dry red chillies - break,dry red chillies,dry red chillies - break,2,2,,,TRUE,FALSE,FALSE,dry red chilies,2    ,
17,5,1 inch Ginger - chopped,Ginger,Ginger,1,,inch,,FALSE,TRUE,TRUE,Ginger,1    ,inch
20,7,1 Cardamom (Elaichi) Pods/Seeds,Cardamom (Elaichi) Pods/Seeds,Cardamom (Elaichi) Pods/Seeds,1,1,,Pod,FALSE,FALSE,TRUE,Cardamom (Elaichi) Pods/Seeds,1    ,
21,5,1/4 cup Gram flour (besan),Gram flour (besan),Grams flour (besan),4-Jan,4-Jan,cup,cup,TRUE,FALSE,FALSE,Gram flour (besan), 1/4,cup
21,8,Salt - Pinch,Salt,Salt,,1,,Pinch,FALSE,TRUE,TRUE,Salt,1    ,pinch
24,2,Tamarind - small lemon sized,Tamarind,Tamarind; lemon sized,,,,,TRUE,FALSE,FALSE,Tamarind,1    ,
24,6,1/4 teaspoon Asafoetida (hing) - powder,Asafoetida (hing),Asafoetida (hing) - powder,4-Jan,4-Jan,teaspoon,teaspoon,TRUE,FALSE,FALSE,Asafoetida (hing) - powder, 1/4,teaspoon
24,11,2-3 Dry Red Chillies,Dry Red Chillies,Dry Red Chillies,3-Feb,2,,,FALSE,TRUE,FALSE,dry red chilies,2-3,
25,9,2-1/2 teaspoons Coriander Powder (Dhania),Coriander Powder (Dhania),Coriander Powder (Dhania),2/1/2002,2-Jan,teaspoons,teaspoon,FALSE,TRUE,FALSE,Coriander Powder (dhania),2 1/2,teaspoons
25,10,1-1/2 teaspoons Kashmiri Red Chilli Powder,Kashmiri Red Chilli Powder,Kashmiri Red Chilli Powder,1/1/2002,2-Jan,teaspoons,teaspoon,FALSE,TRUE,FALSE,Kashmiri Red Chili Powder,1 1/2,teaspoons
26,2,1 Tamarind - malabar,Tamarind,Tamarind - malabar,1,1,,,TRUE,FALSE,FALSE,tamarind,1    ,
27,3,1 cup Curd (Dahi / Yogurt) - or buttermilk,Curd (Dahi / Yogurt),Curd Yogurt; buttermilk,1,1,cup,cup,TRUE,FALSE,FALSE,Curd (Dahi / Yogurt),1    ,cup
27,4,pinch Turmeric powder (Haldi) - to reduce bitter from bitter gourd,Turmeric powder (Haldi),Turmeric powder (Haldi),,1,pinch,pinch,FALSE,TRUE,FALSE,Turmeric powder (Haldi),1    ,pinch
28,6,1 inch Ginger,Ginger,Ginger,1,,inch,,FALSE,TRUE,TRUE,Ginger,1    ,inch
29,11,Tamarind - Gooseberry Sized,Tamarind,Tamarind; Gooseberry Sized,,,,,TRUE,FALSE,FALSE,tamarind,1    ,
32,1,1-1/2 cups Mixed dry fruits - I used apricot,Mixed dry fruits,Mixed dry fruits,1/1/2002,2-Jan,cups,cup,FALSE,TRUE,FALSE,Mixed Dry Fruits - Apricot,1 1/2,cups
32,8,3 Cloves (Laung),(Laung),Cloves,3,3,Cloves,,TRUE,FALSE,TRUE,Cloves (Laung),3    ,
32,9,3 Cardamom (Elaichi) Pods/Seeds,Cardamom (Elaichi) Pods/Seeds,Cardamom (Elaichi) Pods/Seeds,3,3,,Pods,FALSE,FALSE,TRUE,Cardamom (Elaichi) Pods/Seeds,3    ,
32,15,1-1/2 cups Mixed nuts - I used almond,Mixed nuts,Mixed nuts,1/1/2002,2-Jan,cups,cup,FALSE,TRUE,FALSE,Mixed nuts - Almond,1 1/2,cups
33,1,1 Mango (Ripe) - peel & slice,Mango (Ripe),Mango (Ripe) - peel,1,1,,slice,TRUE,FALSE,TRUE,Mango,1    ,
33,9,2 to 3 Dry Red Chilli,Dry Red Chilli,Dry Red Chilli,2to3,2,,,FALSE,TRUE,FALSE,Dry Red Chili,2-3,
34,12,1 inch Ginger - chopped,Ginger,Ginger,1,,inch,,FALSE,TRUE,TRUE,Ginger,1    ,inch
35,5,3 tablespoons Fresh coconut - or dessicated coconut (grated),Fresh coconut,Fresh coconut; dessicated coconut,3,3,tablespoons,tablespoon,TRUE,FALSE,FALSE,Fresh Coconut,3    ,tablespoons
36,3,500 ml Champagne - or Sparkling wine,Champagne,Champagne; Sparkling wine,500,500,ml,milliliter,TRUE,FALSE,FALSE,Champagne,500    ,ml
36,5,1/4 cup Guava - cubes (optional),Guava,Guava - cubes,4-Jan,4-Jan,cup,cup,TRUE,FALSE,FALSE,Guava, 1/4,cup
36,6,1/4 cup Papaya - cubes (optional),Papaya,Papaya - cubes,4-Jan,4-Jan,cup,cup,TRUE,FALSE,FALSE,Papaya, 1/4,cup
37,7,100 ml Rum - or orange juice (adjust),Rum,Rum; orange juice (adjust),100,100,ml,milliliter,TRUE,FALSE,FALSE,Rum,100    ,ml
38,5,1 inch Ginger,Ginger,Ginger,1,,inch,,FALSE,TRUE,TRUE,Ginger,1    ,inch
38,7,1 inch Cinnamon Stick (Dalchini),Cinnamon Stick (Dalchini),Cinnamon Sticks (Dalchini),1,,inch,,TRUE,TRUE,TRUE,Cinnamon Stick (Dalchini),1    ,inch
38,8,1 Cardamom (Elaichi) Pods/Seeds,Cardamom (Elaichi) Pods/Seeds,Cardamom (Elaichi) Pods/Seeds,1,1,,Pod,FALSE,FALSE,TRUE,Cardamom (Elaichi) Pods/Seeds,1    ,
39,2,2-1 / 2 cups water,water,water,2/1/2002,1,cups,,FALSE,TRUE,TRUE,water,2 1/2,cups
39,6,1-1 / 2 teaspoon red chilli powder,red chilli powder,red chilli powder,1/1/2002,1,teaspoon,,FALSE,TRUE,TRUE,red chili powder,1 1/2,teaspoon
40,1,500 grams Prawns - tiger,Prawns,Prawns - tiger,500,500,grams,gram,TRUE,FALSE,FALSE,Prawns - tiger,500    ,grams
40,8,1-1/2 teaspoon Cumin seeds (Jeera),Cumin seeds (Jeera),Cumin seeds (Jeera),1/1/2002,2-Jan,teaspoon,teaspoon,FALSE,TRUE,FALSE,Cumin seeds (Jeera),1 1/2,teaspoon
40,9,Turmeric powder (Haldi) - a pinch (optional),Turmeric powder (Haldi),Turmeric powder (Haldi),,1,,pinch,FALSE,TRUE,TRUE,Turmeric powder (Haldi),1    ,pinch
41,4,1 to 2 Green Chillies - slit lengthwise (use as per spice tolerance) 1/2 tablespoon kashmiri chili powder (use as per spice tolerance),Green Chillies,Green Chillies; kashmiri chili powder,1to2,1,,,TRUE,TRUE,FALSE,Green Chilies,1-2,
41,11,Coconut Oil - or vegetable oil as required,Coconut Oil,Coconut Oil; vegetable oil,,,,,TRUE,FALSE,FALSE,Coconut Oil,,
42,9,Curry leaves - a sprig,Curry leaves,Curry leaves,,1,,sprig,FALSE,TRUE,TRUE,Curry Leaves,1    ,sprig
43,3,1 sprig curry leaf,curry leaf,curry leaves,1,1,sprig,sprig,TRUE,FALSE,FALSE,Curry leaf,1    ,sprig
46,5,1 3/4 cup Coconut milk,3/4 cup Coconut milk,3/4 cup Coconut milk,1,4-Jul,,cup,FALSE,TRUE,TRUE,Coconut milk ,1 3/4,cup
47,8,1 inch Ginger,Ginger,Ginger,1,,inch,,FALSE,TRUE,TRUE,Ginger,1    ,inch
47,10,1 inch Cinnamon Stick (Dalchini),Cinnamon Stick (Dalchini),Cinnamon Sticks (Dalchini),1,,inch,,TRUE,TRUE,TRUE,Cinnamon Stick (Dalchini),1    ,inch
47,11,4 Cloves (Laung),(Laung),Cloves,4,4,Cloves,,TRUE,FALSE,TRUE,Cloves (Laung),4    ,
48,2,3 1/2 cups Water,1/2 cups Water,1/2 cups Water,3,2-Jul,,cup,FALSE,TRUE,TRUE,Water,3 1/2,cups
48,4,1 teaspoon Cardamom (Elaichi) Pods/Seeds,Cardamom (Elaichi) Pods/Seeds,Cardamom (Elaichi) Pods/Seeds,1,1,teaspoon,teaspoon Pod,FALSE,FALSE,TRUE,Cardamom (Elaichi) Pods/Seeds,1    ,teaspoon
49,1,2 Mooli/ Mullangi (Radish) - julienned and steamed,Mooli/ Mullangi (Radish),Mooli/Mullangi (Radish),2,2,,,TRUE,FALSE,FALSE,Mooli/Mullangi (Radish),2    ,
49,10,1 inch Ginger,Ginger,Ginger,1,,inch,,FALSE,TRUE,TRUE,Ginger,1    ,inch
51,2,1-1/2 cups Water,Water,Water,1/1/2002,2-Jan,cups,cup,FALSE,TRUE,FALSE,water,2 1/2,cups
51,4,1 inch Ginger - finely chopped,Ginger,Ginger,1,,inch,,FALSE,TRUE,TRUE,Ginger,1    ,inch
51,5,3 Garlic - cloves,Garlic,Garlic,3,3,,cloves,FALSE,FALSE,TRUE,Garlic,3    ,cloves
53,5,1/2 inch Ginger,Ginger,Ginger,2-Jan,,inch,,FALSE,TRUE,TRUE,Ginger, 1/2,inch
56,4,1-1/2 teaspoons Salt,Salt,Salt,1/1/2002,2-Jan,teaspoons,teaspoon,FALSE,TRUE,FALSE,salt,1 1/2,teaspoons
56,8,1 inch Ginger - crushed or a coarse paste,Ginger,Ginger; crushed a coarse paste,1,,inch,,TRUE,TRUE,TRUE,Ginger,1    ,inch
56,9,6 cloves Garlic - crushed or a coarse paste,Garlic,Garlic; crushed a coarse paste,6,6,cloves,cloves,TRUE,FALSE,FALSE,Garlic,6    ,cloves
58,8,2 Cardamom (Elaichi) Pods/Seeds - powdered,Cardamom (Elaichi) Pods/Seeds,Cardamom (Elaichi) Pods/Seeds,2,2,,Pods,FALSE,FALSE,TRUE,Cardamom (Elaichi) Pods/Seeds (powdered),2    ,
59,1,500 grams Sardine fish - (mathi,Sardine fish,Sardine fish - mathi,500,500,grams,gram,TRUE,FALSE,FALSE,Sardine Fish - mati,500    ,grams
59,4,1-1/2 teaspoon Ginger Garlic Paste,Ginger Garlic Paste,Ginger Garlic Paste,1/1/2002,2-Jan,teaspoon,teaspoon,FALSE,TRUE,FALSE,Ginger Garlic Paste,1 1/2,teaspoon
59,9,1-1/2 teaspoon Black pepper powder,Black pepper powder,Black pepper powder,1/1/2002,2-Jan,teaspoon,teaspoon,FALSE,TRUE,FALSE,Black pepper powder,1 1/2,teaspoon
60,6,2 teaspoons Mustard seeds - ground coarsely using a mortar pestle/ spice grinder,Mustard seeds,Mustard seeds spice grinder,2,2,teaspoons,teaspoon,TRUE,FALSE,FALSE,Mustard Seeds,2    ,teaspoons
62,2,6 Fresh coconut - chunks,Fresh coconut,Fresh coconut - chunks,6,6,,,TRUE,FALSE,FALSE,Fresh Coconut,6    ,
62,4,1 inch Cinnamon Stick (Dalchini),Cinnamon Stick (Dalchini),Cinnamon Sticks (Dalchini),1,,inch,,TRUE,TRUE,TRUE,Cinnamon Stick (Dalchini),1    ,inch
62,5,1 Bay leaf (tej patta),Bay leaf (tej patta),Bay leaves (tej patta),1,1,,,TRUE,FALSE,FALSE,Bay leaf (tej patta),1    ,
62,6,2 inch Ginger,Ginger,Ginger,2,,inch,,FALSE,TRUE,TRUE,Ginger,2    ,inch
63,7,4 Cardamom (Elaichi) Pods/Seeds,Cardamom (Elaichi) Pods/Seeds,Cardamom (Elaichi) Pods/Seeds,4,4,,Pods,FALSE,FALSE,TRUE,Cardamom (Elaichi) Pods/Seeds,4    ,
64,4,1 tablespoon Fennel seeds (Saunf) - pound,Fennel seeds (Saunf),Fennel seeds (Saunf),1,1,tablespoon,pound * tablespoon,FALSE,FALSE,TRUE,Fennel seeds (Saunf),1    ,tablespoon
65,4,1 Cardamom (Elaichi) Pods/Seeds,Cardamom (Elaichi) Pods/Seeds,Cardamom (Elaichi) Pods/Seeds,1,1,,Pod,FALSE,FALSE,TRUE,Cardamom (Elaichi) Pods/Seeds,1    ,
66,4,1 teaspoon Active dry yeast -  + 1/2 cup of luke warm water,Active dry yeast,Active dry yeast; luke warm water,1,1,teaspoon,teaspoon,TRUE,FALSE,FALSE,Active dry yeast ,1    ,teaspoon
67,12,2-1/2 tablespoons Water,Water,Water,2/1/2002,2-Jan,tablespoons,tablespoon,FALSE,TRUE,FALSE,Water,2 1/2,tablespoons
67,13,1-1/2 teaspoons Coconut Oil,Coconut Oil,Coconut Oil,1/1/2002,2-Jan,teaspoons,teaspoon,FALSE,TRUE,FALSE,Coconut Oil,1 1/2,teaspoons
69,1,500 grams Mutton - with bone (adds flavour),Mutton,Mutton (adds flavour),500,500,grams,gram,TRUE,FALSE,FALSE,Mutton ,500    ,grams
69,8,2 inch Ginger - finely chopped,Ginger,Ginger,2,,inch,,FALSE,TRUE,TRUE,Ginger,2    ,inch
70,5,1 inch Ginger - chopped,Ginger,Ginger,1,,inch,,FALSE,TRUE,TRUE,Ginger,1    ,inch
74,6,1 inch Ginger,Ginger,Ginger,1,,inch,,FALSE,TRUE,TRUE,Ginger,1    ,inch
75,7,1/2 teaspoon Fennel - or cumin,Fennel,Fennel; cumin,2-Jan,2-Jan,teaspoon,teaspoon,TRUE,FALSE,FALSE,Fennel seeds (Saunf), 1/2,teaspoon
76,3,1 tablespoon Red Chilli powder - (adjust),Red Chilli powder,Red Chilli powder - (adjust),1,1,tablespoon,tablespoon,TRUE,FALSE,FALSE,red chili powder,1    ,tablespoon
76,9,Curry leaves - a few sprigs,Curry leaves,Curry leaves,,few,,sprigs,FALSE,TRUE,TRUE,Curry Leaves,,sprigs
79,1,1-1/2 Green peas (Matar),Green peas (Matar),Green peas (Matar),1/1/2002,2-Jan,,,FALSE,TRUE,FALSE,Green Peas (Matar),1 1/2,
80,4,1 inch Ginger - minced,Ginger,Ginger,1,,inch,,FALSE,TRUE,TRUE,Ginger,1    ,inch
80,10,2 Cloves (Laung),(Laung),Cloves,2,2,Cloves,,TRUE,FALSE,TRUE,Cloves (Laung),2    ,
80,11,1 inch Cinnamon Stick (Dalchini),Cinnamon Stick (Dalchini),Cinnamon Sticks (Dalchini),1,,inch,,TRUE,TRUE,TRUE,Cinnamon Stick (Dalchini),1    ,inch
81,8,1 inch Ginger - grated,Ginger,Ginger,1,,inch,,FALSE,TRUE,TRUE,Ginger,1    ,inch
81,9,6 to 7 cloves Garlic - finely chopped,Garlic,Garlic,6to7,6,cloves,clove,FALSE,TRUE,FALSE,Garlic,6-7,cloves
81,14,1 inch Cinnamon Stick (Dalchini),Cinnamon Stick (Dalchini),Cinnamon Sticks (Dalchini),1,,inch,,TRUE,TRUE,TRUE,Cinnamon Stick (Dalchini),1    ,inch
82,5,1 inch Ginger - chopped,Ginger,Ginger,1,,inch,,FALSE,TRUE,TRUE,Ginger,1    ,inch
83,5,1-1/2 teaspoons Mustard seeds,Mustard seeds,Mustard seeds,1/1/2002,2-Jan,teaspoons,teaspoon,FALSE,TRUE,FALSE,Mustard Seeds,1 1/2,teaspoons
85,4,5 Cardamom (Elaichi) Pods/Seeds,Cardamom (Elaichi) Pods/Seeds,Cardamom (Elaichi) Pods/Seeds,5,5,,Pods,FALSE,FALSE,TRUE,Cardamom (Elaichi) Pods/Seeds,5    ,
86,10,1-1/2 cups Fresh coconut - grated,Fresh coconut,Fresh coconut,1/1/2002,2-Jan,cups,cup,FALSE,TRUE,FALSE,Fresh Coconut,1 1/2,cups
87,9,1/2 cup Fresh coconut - pieces,Fresh coconut,Fresh coconut,2-Jan,1,cup,piece,FALSE,TRUE,TRUE,Fresh Coconut, 1/2,cup
88,5,1-1/2 cups Coconut milk - (2nd & 3rd extract),Coconut milk,Coconut milk,1/1/2002,2-Jan,cups,cup,FALSE,TRUE,FALSE,Coconut Milk,1 1/2,cups
88,8,2 teaspoons Fresh coconut - slices,Fresh coconut,Fresh coconut,2,1,teaspoons,slice,FALSE,TRUE,TRUE,Fresh Coconut,2    ,teaspoons
89,1,300 grams Banana Stem - peeled and cut into dices,Banana Stem,Banana Stems,300,300,grams,gram,TRUE,FALSE,FALSE,Banana Stem,300    ,grams
90,6,2 Cardamom (Elaichi) Pods/Seeds - powdered,Cardamom (Elaichi) Pods/Seeds,Cardamom (Elaichi) Pods/Seeds,2,2,,Pods,FALSE,FALSE,TRUE,Cardamom (Elaichi) Pods/Seeds (powdered),2    ,
91,7,1 inch Ginger - grated,Ginger,Ginger,1,,inch,,FALSE,TRUE,TRUE,Ginger,1    ,inch
92,4,1 inch Ginger - chopped,Ginger,Ginger,1,,inch,,FALSE,TRUE,TRUE,Ginger,1    ,inch
93,1,1 cup Cauliflower (gobi) - florets,Cauliflower (gobi),Cauliflower (gobi); florets,1,1,cup,cup,TRUE,FALSE,FALSE,Cauliflower (gobi),1    ,cup
93,3,2 to 3 tablespoons Green peas (Matar) - fresh or frozen,Green peas (Matar),Green peas (Matar),2to3,2,tablespoons,tablespoon,FALSE,TRUE,FALSE,Green Peas (Matar),2-3,
93,12,1 inch Cinnamon Stick (Dalchini),Cinnamon Stick (Dalchini),Cinnamon Sticks (Dalchini),1,,inch,,TRUE,TRUE,TRUE,Cinnamon Stick (Dalchini),1    ,inch
93,17,4 to 5 Cashew nuts - broken,Cashew nuts,Cashew nuts,4to5,4,,,FALSE,TRUE,FALSE,Cashew Nuts,4-5,
95,2,1 Cardamom (Elaichi) Pods/Seeds,Cardamom (Elaichi) Pods/Seeds,Cardamom (Elaichi) Pods/Seeds,1,1,,Pod,FALSE,FALSE,TRUE,Cardamom (Elaichi) Pods/Seeds,1    ,
95,4,5 Cloves (Laung),(Laung),Cloves,5,5,Cloves,,TRUE,FALSE,TRUE,Cloves (Laung),5    ,
95,5,1 inch Cinnamon Stick (Dalchini),Cinnamon Stick (Dalchini),Cinnamon Sticks (Dalchini),1,,inch,,TRUE,TRUE,TRUE,Cinnamon Stick (Dalchini),1    ,inch
95,8,1 inch Ginger,Ginger,Ginger,1,,inch,,FALSE,TRUE,TRUE,Ginger,1    ,inch
98,5,1 inch ginger - chopped,ginger,ginger,1,,inch,,FALSE,TRUE,TRUE,Ginger,1    ,inch
99,1,1 cup Red matta rice - or Basmati Rice,Red matta rice,Red matta rice; Basmati Rice,1,1,cup,cup,TRUE,FALSE,FALSE,Red matta rice,1    ,cup
99,2,1-1/2 cups Fresh coconut - grated,Fresh coconut,Fresh coconut,1/1/2002,2-Jan,cups,cup,FALSE,TRUE,FALSE,Fresh Coconut,1 1/2,cups
100,2,1 inch Cinnamon Stick (Dalchini),Cinnamon Stick (Dalchini),Cinnamon Sticks (Dalchini),1,,inch,,TRUE,TRUE,TRUE,Cinnamon Stick (Dalchini),1    ,inch
100,10,1 inch Ginger - chopped,Ginger,Ginger,1,,inch,,FALSE,TRUE,TRUE,Ginger,1    ,inch
101,6,salt - 1 sprig curry leaves,salt,salt; curry leaves,,1,,sprig,TRUE,TRUE,TRUE,Curry leaves,1    ,sprig
101,7,as per taste,as per taste,,,,,,TRUE,FALSE,FALSE,Salt,,
104,8,1-1 / 2 cup coconut - grated,coconut,coconut,1/1/2002,1,cup,,FALSE,TRUE,TRUE,Coconut,1 1/2,cup
106,10,1 inch Ginger - thin slices,Ginger,Ginger,1,,inch,,FALSE,TRUE,TRUE,Ginger,1    ,inch
109,2,3-1/2 cups Water,Water,Water,3/1/2002,2-Jan,cups,cup,FALSE,TRUE,FALSE,Water,3 1/2,cups
110,9,2 tablespoons Fresh coconut - pieces,Fresh coconut,Fresh coconut,2,1,tablespoons,piece,FALSE,TRUE,TRUE,Coconut,2    ,tablespoons
111,1,1 cup Rice puttu - or wheat puttu,Rice puttu,Rice puttu; wheat puttu,1,1,cup,cup,TRUE,FALSE,FALSE,Rice puttu,1    ,cup
112,1,250 grams Horse Gram Dal (Kollu/ Kulith) - Sprouted,Horse Gram Dal (Kollu/ Kulith),Horse Grams Dal Kulith,250,250,grams,gram,TRUE,FALSE,FALSE,Horse Gram Dal (Kollu/ Kulith),250    ,grams
112,5,1/2 inch Ginger,Ginger,Ginger,2-Jan,,inch,,FALSE,TRUE,TRUE,Ginger, 1/2,inch
113,6,3 Garlic - cloves,Garlic,Garlic,3,3,,cloves,FALSE,FALSE,TRUE,Garlic,3    ,cloves
114,2,1 cup Cashew nuts - unsalted,Cashew nuts,Cashew nuts - unsalted,1,1,cup,cup,TRUE,FALSE,FALSE,Cashew Nuts,1    ,cup
114,3,1 cup Jaggery - powdered or brown sugar,Jaggery,Jaggery; powdered brown sugar,1,1,cup,cup,TRUE,FALSE,FALSE,Jaggery,1    ,cup
117,15,2 inch Ginger,Ginger,Ginger,2,,inch,,FALSE,TRUE,TRUE,Ginger,2    ,inch
117,18,1-1/2 teaspoon Whole Black Peppercorns,Whole Black Peppercorns,Whole Black Peppercorns,1/1/2002,2-Jan,teaspoon,teaspoon,FALSE,TRUE,FALSE,Whole Black Peppercorns,1 1/2,teaspoon
117,19,1 inch Cinnamon Stick (Dalchini),Cinnamon Stick (Dalchini),Cinnamon Sticks (Dalchini),1,,inch,,TRUE,TRUE,TRUE,Cinnamon Stick (Dalchini),1    ,inch
117,20,3 Cloves (Laung),(Laung),Cloves,3,3,Cloves,,TRUE,FALSE,TRUE,Cloves (Laung),3    ,
118,5,4-5 Black pepper powder,Black pepper powder,Black pepper powder,5-Apr,4,,,FALSE,TRUE,FALSE,Black pepper powder,4-5,
119,6,2 inch Ginger,Ginger,Ginger,2,,inch,,FALSE,TRUE,TRUE,Ginger,2    ,inch
120,5,3 Green Chillies - (adjust),Green Chillies,Green Chillies - (adjust),3,3,,,TRUE,FALSE,FALSE,Green Chilies,3    ,
123,7,1/2 inch Ginger - peeled and grated (optional),Ginger,Ginger,2-Jan,,inch,,FALSE,TRUE,TRUE,Ginger, 1/2,inch
123,11,1/2 inch Cinnamon Stick (Dalchini),Cinnamon Stick (Dalchini),Cinnamon Sticks (Dalchini),2-Jan,,inch,,TRUE,TRUE,TRUE,Cinnamon Stick (Dalchini), 1/2,inch
123,12,1 Bay leaf (tej patta),Bay leaf (tej patta),Bay leaves (tej patta),1,1,,,TRUE,FALSE,FALSE,Bay leaf (tej patta),1    ,
123,13,10 to 12 Whole Black Peppercorns,Whole Black Peppercorns,Whole Black Peppercorns,10to12,10,,,FALSE,TRUE,FALSE,Whole Black Peppercorns,10-12,
123,14,1 Cardamom (Elaichi) Pods/Seeds,Cardamom (Elaichi) Pods/Seeds,Cardamom (Elaichi) Pods/Seeds,1,1,,Pod,FALSE,FALSE,TRUE,Cardamom (Elaichi) Pods/Seeds,1    ,
124,2,1-1/2 tablespoons Sunflower Oil,Sunflower Oil,Sunflower Oil,1/1/2002,2-Jan,tablespoons,tablespoon,FALSE,TRUE,FALSE,Sunflower Oil,1 1/2,tablespoons
124,4,Curry leaves - few sprigs,Curry leaves,Curry leaves,,few,,sprigs,FALSE,TRUE,TRUE,Curry Leaves,,sprigs
124,6,1/2 inch Ginger - grated,Ginger,Ginger,2-Jan,,inch,,FALSE,TRUE,TRUE,Ginger, 1/2,inch
124,10,1 inch Cinnamon Stick (Dalchini),Cinnamon Stick (Dalchini),Cinnamon Sticks (Dalchini),1,,inch,,TRUE,TRUE,TRUE,Cinnamon Stick (Dalchini),1    ,inch
124,11,1 Cardamom (Elaichi) Pods/Seeds,Cardamom (Elaichi) Pods/Seeds,Cardamom (Elaichi) Pods/Seeds,1,1,,Pod,FALSE,FALSE,TRUE, Cardamom (Elaichi) Pods/Seeds,1    ,
124,12,3 Cloves (Laung),(Laung),Cloves,3,3,Cloves,,TRUE,FALSE,TRUE,Cloves (Laung),3    ,
125,8,Oil - 5 tablespoons coconut - as per use,Oil,Oil; coconut,,5,,tablespoon,TRUE,TRUE,TRUE,Coconut oil,5    ,tablespoons
125,11,3 cloves garlic - chop,garlic,garlic - chop,3,3,cloves,cloves,TRUE,FALSE,FALSE,Garlic,3    ,cloves
126,4,1/2 inch Ginger - grated,Ginger,Ginger,2-Jan,,inch,,FALSE,TRUE,TRUE,Ginger, 1/2,inch
127,6,1 teaspoon Coconut Oil - or regular oil,Coconut Oil,Coconut Oil; regular oil,1,1,teaspoon,teaspoon,TRUE,FALSE,FALSE,Coconut Oil,1    ,teaspoon
128,3,1 inch Ginger - finely chopped,Ginger,Ginger,1,,inch,,FALSE,TRUE,TRUE,Ginger,1    ,inch
128,8,1/4 cup Fresh coconut - pieces,Fresh coconut,Fresh coconut,4-Jan,1,cup,piece,FALSE,TRUE,TRUE,Fresh Coconut, 1/4,cup
129,1,1-1/2 cups Mixed vegetables - (potatoes,Mixed vegetables,Mixed vegetables - potatoes,1/1/2002,2-Jan,cups,cup,TRUE,TRUE,FALSE,Mixed Vegetables - potatoes,1 1/2,cups
129,5,1 inch Ginger - thinly sliced,Ginger,Ginger,1,,inch,,FALSE,TRUE,TRUE,Ginger,1    ,inch
131,2,1/2 cup Bajra Flour ( Pearl Millet),Bajra Flour ( Pearl Millet),Bajra Flour (Pearl Millet),2-Jan,2-Jan,cup,cup,TRUE,FALSE,FALSE,Bajra Flour (Pearl Millet), 1/2,cup
133,2,6 Cardamom (Elaichi) Pods/Seeds,Cardamom (Elaichi) Pods/Seeds,Cardamom (Elaichi) Pods/Seeds,6,6,,Pods,FALSE,FALSE,TRUE, Cardamom (Elaichi) Pods/Seeds,6    ,
133,3,6 Cloves (Laung),(Laung),Cloves,6,6,Cloves,,TRUE,FALSE,TRUE,Cloves (Laung),6    ,
133,4,1 Cinnamon Stick (Dalchini),Cinnamon Stick (Dalchini),Cinnamon Sticks (Dalchini),1,1,,,TRUE,FALSE,FALSE,Cinnamon Stick (Dalchini),1    ,
133,8,3-4 tablespoons Lemon juice,Lemon juice,Lemon juice,4-Mar,3,tablespoons,tablespoon,FALSE,TRUE,FALSE,Lemon Juice,3-4,tablespoons
133,16,1/2 tablespoon Ginger - paste,Ginger,Ginger - paste,2-Jan,2-Jan,tablespoon,tablespoon,TRUE,FALSE,FALSE,Ginger Paste, 1/2,tablespoon
133,17,1/2 tablespoon Garlic - paste,Garlic,Garlic - paste,2-Jan,2-Jan,tablespoon,tablespoon,TRUE,FALSE,FALSE,Garlic Paste , 1/2,tablespoon
133,18,5 - 6 Green Chillies,Green Chillies,Green Chillies,6-May,5,,,FALSE,TRUE,FALSE,Green Chilies,5-6,
133,19,2 - 3 Tomatoes - finely chopped,Tomatoes,Tomatoes,3-Feb,2,,,FALSE,TRUE,FALSE,Tomatoes,2-3,
133,20,1 Fresh coconut - handful,Fresh coconut,Fresh coconut,1,1,,handful,FALSE,FALSE,TRUE,Fresh Coconut,1    ,handful
133,21,1 Coriander (Dhania) Leaves - handful,Coriander (Dhania) Leaves,Coriander (Dhania) Leaves,1,1,,Leaf handful,FALSE,FALSE,TRUE,Coriander (Dhania) Leaves,1    ,handful
133,24,6 - 8 Cashew nuts - soaked in 2 tablespoons water,Cashew nuts,Cashew nuts,8-Jun,6,,,FALSE,TRUE,FALSE,Cashew Nuts,6-8,
133,26,Sunflower Oil - vegetable oil,Sunflower Oil,Sunflower Oil - vegetable oil,,,,,TRUE,FALSE,FALSE,Sunflower Oil,,
133,28,1 Cashew nuts - handful,Cashew nuts,Cashew nuts,1,1,,handful,FALSE,FALSE,TRUE,Cashew Nuts,1    ,handful
133,29,1 Raisins - handful,Raisins,Raisins,1,1,,handful,FALSE,FALSE,TRUE,Raisins,1    ,handful
135,9,1-1/2 cup Tamarind Water,Tamarind Water,Tamarind Water,1/1/2002,2-Jan,cup,cup,FALSE,TRUE,FALSE,Tamarind water,1 1/2,cup
136,8,1 inch Ginger - finely chopped,Ginger,Ginger,1,,inch,,FALSE,TRUE,TRUE,Ginger,1    ,inch
140,1,2 cups Drumstick Leaves (Moringa/Murungai Keerai) - or Murrungai Keerai,Drumstick Leaves (Moringa/Murungai Keerai),Drumstick Leaves Murungai Keerai; Murrungai Keerai,2,2,cups,cup,TRUE,FALSE,FALSE,Drumstick Leaves (Moringa/Murungai Keerai),2    ,cups
140,3,1 inch Ginger - chopped,Ginger,Ginger,1,,inch,,FALSE,TRUE,TRUE,Ginger,1    ,inch
141,5,1 teaspoon Ginger - paste,Ginger,Ginger - paste,1,1,teaspoon,teaspoon,TRUE,FALSE,FALSE,Ginger Paste,1    ,teaspoon
143,2,2-1/2 cups Water,Water,Water,2/1/2002,2-Jan,cups,cup,FALSE,TRUE,FALSE,Water,2 1/2,cups
143,3,8 Garlic - cloves,Garlic,Garlic,8,8,,cloves,FALSE,FALSE,TRUE,Galic,8    ,cloves
143,6,1-1/2 teaspoon Red Chilli powder,Red Chilli powder,Red Chilli powder,1/1/2002,2-Jan,teaspoon,teaspoon,FALSE,TRUE,FALSE,red chili powder,1 1/2,teaspoon
145,1,1.5 cups Red Black Eyed Beans (Azuki),.5 cups Red Black Eyed Beans (Azuki),.5 cups Red Black Eyed Beans (Azuki),1,2-Mar,,cup,FALSE,TRUE,TRUE,Red black Eyed Beans (Azuki),1 1/2,cups
145,6,Coriander (Dhania) Leaves - few sprigs,Coriander (Dhania) Leaves,Coriander (Dhania) Leaves,,few,,sprigs,FALSE,TRUE,TRUE,Coriander (Dhania) Leaves,,sprigs
