name_raw,n_occurrences,sample_raw_lines,dry_fresh_seen,primary_key
Salt,119,Salt - as per your taste; Salt - to taste; 3/4 teaspoon Salt - and some more for cooking the chana dal,,salt
Red Chilli powder,31,2 teaspoons Red Chilli powder; 1 teaspoon Red Chilli powder; 2 teaspoons Red Chilli powder,,red chilli powder
Dry Red Chillies,27,2 Dry Red Chillies; 6 Dry Red Chillies; 2 Dry Red Chillies,Dry,dry red chilli
Black pepper powder,19,1/4 teaspoon Black pepper powder; 1 teaspoon Black pepper powder; 1/2 teaspoon Black pepper powder,,black pepper powder
Coconut milk,19,1 cup Coconut milk - thick; 3 cups Coconut milk - thin; 1 cup Coconut milk - thick,,coconut milk
Shallots,18,4 to 5 Shallots; 1-1/2 cups Hung Curd (Greek Yogurt); 2 Shallots - finely chopped,,shallot
Pearl onions (Sambar Onions),17,10 Pearl onions (Sambar Onions) - finely chopped; 1 cup Pearl onions (Sambar Onions); 8 Pearl onions (Sambar Onions) - sliced,,pearl onion
salt,16,salt - as per taste; salt - as per taste; salt - as per taste,,salt
Coriander (Dhania) Leaves,15,2 sprig Coriander (Dhania) Leaves - washed and finely chopped; 6 sprig Coriander (Dhania) Leaves; 3 sprig Coriander (Dhania) Leaves - finely chopped (optional),,coriander dhania leaves
Coriander Powder (Dhania),13,1 tablespoon Coriander Powder (Dhania); 1/2 tablespoon Coriander Powder (Dhania); 1 tablespoon Coriander Powder (Dhania),,coriander powder
Fennel seeds (Saunf),13,1 teaspoon Fennel seeds (Saunf); 1/2 teaspoon Fennel seeds (Saunf) - in case you don't have fennel seeds you could use cumin seeds; 1 teaspoon Fennel seeds (Saunf),,fennel seed
White Urad Dal (Split),12,1 teaspoon White Urad Dal (Split); 1 teaspoon White Urad Dal (Split); 1 tablespoon White Urad Dal (Split),,white urad dal
Whole Black Peppercorns,12,1 tablespoon Whole Black Peppercorns; 1 teaspoon Whole Black Peppercorns; 1 tablespoon Whole Black Peppercorns,,whole black peppercorn
Cinnamon Stick (Dalchini),12,1 inch Cinnamon Stick (Dalchini); 1 inch Cinnamon Stick (Dalchini); 1 inch Cinnamon Stick (Dalchini),,cinnamon stick
Cardamom Powder (Elaichi),10,1/2 teaspoon Cardamom Powder (Elaichi); 1 teaspoon Cardamom Powder (Elaichi); 2 Cardamom Powder (Elaichi) - powdered,,cardamom powder
Coriander (Dhania) Seeds,10,1 teaspoon Coriander (Dhania) Seeds; 2 tablespoons Coriander (Dhania) Seeds; 1 teaspoon Coriander (Dhania) Seeds,,coriander dhania seed
Cardamom (Elaichi) Pods/Seeds,10,2 Cardamom (Elaichi) Pods/Seeds; 1 Cardamom (Elaichi) Pods/Seeds; 3 Cardamom (Elaichi) Pods/Seeds,,cardamom elaichi pod seed
Garam masala powder,9,2 teaspoons Garam masala powder; 1 teaspoon Garam masala powder; 1 teaspoon Garam masala powder,,garam masala powder
Curd (Dahi / Yogurt),9,1-1/2 cups Curd (Dahi / Yogurt) - thick; 1 cup Curd (Dahi / Yogurt); 1 cup Curd (Dahi / Yogurt) - or buttermilk,,curd
Dry Red Chilli,9,1 Dry Red Chilli; 2 Dry Red Chilli; 2 Dry Red Chilli - broken,Dry,dry red chilli
Rice flour,9,1/4 cup Rice flour; 1/2 cup Rice flour; 1/2 cup Rice flour,,rice flour
Kashmiri Red Chilli Powder,8,2 tablespoons Kashmiri Red Chilli Powder; 1 teaspoon Kashmiri Red Chilli Powder; 1/2 tablespoon Kashmiri Red Chilli Powder,,kashmiri red chilli powder
Kokum (Malabar Tamarind),6,1 Kokum (Malabar Tamarind); 4 Kokum (Malabar Tamarind); 1 Kokum (Malabar Tamarind) - soaked,,kokum
Baking soda,6,1/8 teaspoon Baking soda; 1/2 teaspoon Baking soda; 1/4 teaspoon Baking soda,,baking soda
Ginger Garlic Paste,6,1 tablespoon Ginger Garlic Paste; 1 tablespoon Ginger Garlic Paste; 1-1/2 teaspoon Ginger Garlic Paste,,ginger garlic paste
Red matta rice,6,1 cup Red matta rice; 1 cup Red matta rice; 1 cup Red matta rice - washed thoroughly,,red matta rice
Green beans (French Beans),6,6 Green beans (French Beans) - cut into 1 inch pieces; 10 Green beans (French Beans) -  cut lengthwise; 100 grams Green beans (French Beans) - chopped small,,green bean
All Purpose Flour (Maida),5,1/2 cup All Purpose Flour (Maida); 1 cup All Purpose Flour (Maida); 250 grams All Purpose Flour (Maida),,all purpose flour
Whole Wheat Flour,5,1/2 cup Whole Wheat Flour; 3/4 cup Whole Wheat Flour; 1/8 cup Whole Wheat Flour,,whole wheat flour
Raw Banana,5,3 Raw Banana - peeled and thinly sliced; 2 Raw Banana - boiled and diced; 1 Raw Banana - peeled and cut lengthwise,,raw banana
Fennel Powder,4,1/2 teaspoon Fennel Powder; 1 tablespoon Fennel Powder; 1 teaspoon Fennel Powder,,fennel powder
Cumin powder (Jeera),4,1/2 teaspoon Cumin powder (Jeera); 1/2 teaspoon Cumin powder (Jeera); 1 teaspoon Cumin powder (Jeera),,cumin powder
Kaddu (Parangikai/ Pumpkin),4,2 cups Kaddu (Parangikai/ Pumpkin) - chopped; 300 grams Kaddu (Parangikai/ Pumpkin) - peeled and chopped; 300 grams Kaddu (Parangikai/ Pumpkin),,kaddu
Methi Powder (Fenugreek Powder),4,1/2 teaspoon Methi Powder (Fenugreek Powder); 1/2 teaspoon Methi Powder (Fenugreek Powder); 1/4 teaspoon Methi Powder (Fenugreek Powder),,methi powder
red chili powder,4,1/2 teaspoon red chili powder; 1-1 / 2 teaspoon red chilli powder; 1 tablespoon Red Chilli powder - (adjust),,red chili powder
Green Moong Dal (Whole),3,1 cup Green Moong Dal (Whole) - soaked for 2 hours; 1 cup Green Moong Dal (Whole); 1 cup Green Moong Dal (Whole),,green moong dal
Jackfruit Ripe (Kathal),3,1 cup Jackfruit Ripe (Kathal) - chopped finely; 300 grams Jackfruit Ripe (Kathal) - chopped coarsely; 1 cup Jackfruit Ripe (Kathal) - seeds removed and chopped,,jackfruit ripe
Green Chilies,3,1 to 2 Green Chillies - slit lengthwise (use as per spice tolerance) 1/2 tablespoon kashmiri chili powder (use as per spice tolerance); 3 Green Chillies - (adjust); 5 - 6 Green Chillies,,green chilie
Dry ginger powder,3,1/2 teaspoon Dry ginger powder; 1 tablespoon Dry ginger powder; 1 teaspoon Dry ginger powder,Dry,dry ginger powder
red chilli powder,3,1 teaspoon red chilli powder; 1/2 teaspoon red chilli powder; 2 tablespoons red chilli powder,,red chilli powder
Arhar dal (Split Toor Dal),3,1/2 cup Arhar dal (Split Toor Dal); 1/2 cup Arhar dal (Split Toor Dal) - soaked for 30 minutes; 1/2 cup Arhar dal (Split Toor Dal),,arhar dal
Cinnamon,3,1 inch Cinnamon Stick (Dalchini); 1 inch Cinnamon Stick (Dalchini); 1 inch Cinnamon Stick (Dalchini),,cinnamon
Tapioca root,3,1 kg Tapioca root; 500 grams Tapioca root - skin peeled and chopped into small cubes; 2 Tapioca root,,tapioca root
Yellow Moong Dal (Split),3,1/4 cup Yellow Moong Dal (Split) - washed and soaked; 1/2 cup Yellow Moong Dal (Split); 1/2 cup Yellow Moong Dal (Split),,yellow moong dal
Cooked rice,3,1 cup Cooked rice; 1/4 cup Cooked rice; 1 cup Cooked rice,,cooked rice
Mutton,3,250 grams Mutton; 400 grams Mutton; 500 grams Mutton,,mutton
Baking powder,2,1/2 teaspoon Baking powder; 1/2 teaspoon Baking powder,,baking powder
okra,2,25 okra; 500 grams okra - cut,,okra
Cinnamon Powder (Dalchini),2,1 pinch Cinnamon Powder (Dalchini); 1 teaspoon Cinnamon Powder (Dalchini),,cinnamon powder
Tutti frutti,2,1/2 cup Tutti frutti; 100 grams Tutti frutti,,tutti frutti
Rum,2,3/4 cup Rum - or Double with orange juice; 100 ml Rum - or orange juice (adjust),,rum
Nutmeg powder,2,1 pinch Nutmeg powder; 1/4 teaspoon Nutmeg powder,,nutmeg powder
Tamarind Water,2,Tamarind Water - extract from a big lemon sized tamarind; 1 cup Tamarind Water,,tamarind water
green chili,2,1 green chili; green chili - chopped,,green chili
Seer fish,2,2 Seer fish - slices; 2 Seer fish - cleaned and cut,,seer fish
suran,2,1/2 cup suran - chopped; 2 cups suran - chopped,,suran
raw banana,2,1/2 cup raw banana - chopped; 1 raw banana - peel and chop straight,,raw banana
Coconut Milk,2,1/2 cup Coconut milk - or grated fresh coconut; 1-1/2 cups Coconut milk - (2nd & 3rd extract),Fresh,coconut milk
Nendra Pazham Banana (Ripe),2,2 Nendra Pazham Banana (Ripe) - sliced into rounds; 2 Nendra Pazham Banana (Ripe),,nendra pazham banana
dry red chilies,2,2 dry red chillies - break; 2-3 Dry Red Chillies,Dry,dry red chilie
Lukewarm Water,2,Lukewarm Water - to knead; Lukewarm Water - as required,,lukewarm water
Vinegar,2,2 tablespoon Vinegar; 1/4 teaspoon Vinegar,,vinegar
Basmati rice,2,2 tablespoons Basmati rice - boiled; 3 cups Basmati rice - soaked for 25-35 minutes,,basmati rice
Meat masala,2,1 tablespoon Meat masala; 1/2 teaspoon Meat masala,,meat masala
Tamarind Paste,2,1 teaspoon Tamarind Paste; 2 tablespoons Tamarind Paste,,tamarind paste
 Cardamom (Elaichi) Pods/Seeds,2,1 Cardamom (Elaichi) Pods/Seeds; 6 Cardamom (Elaichi) Pods/Seeds,,cardamom elaichi pod seed
Ginger Paste,2,1/2 tablespoon Ginger - paste; 1 teaspoon Ginger - paste,,ginger paste
Black Urad Dal (Split),2,1/4 teaspoon Black Urad Dal (Split); 1 teaspoon Black Urad Dal (Split),,black urad dal
black pepper powder,2,1/4 teaspoon black pepper powder; 1 tsp black pepper powder,,black pepper powder
Chayote,2,1 Chayote - peeled and diced; 3 Chayote,,chayote
red chili,2,1 red chili; 1 red chili,,red chili
Bay leaf (tej patta),2,1 Bay leaf (tej patta); 1 Bay leaf (tej patta),,bay leaf
Jackfruit Raw (Kathal),2,1 cup Jackfruit Raw (Kathal) - chopped finely; 1 Jackfruit Raw (Kathal) - with skin shaved off,,jackfruit raw
Green Peas (Matar),2,1-1/2 Green peas (Matar); 2 to 3 tablespoons Green peas (Matar) - fresh or frozen,Fresh,green pea
Instant Oats (Oatmeal),2,40 grams Instant Oats (Oatmeal) - Masala one; 1 cup Instant Oats (Oatmeal),,instant oat
dry red chillies,2,3 dry red chillies - broken; 2 dry red chillies,Dry,dry red chilli
Butter (unsalted),2,5 tablespoons Butter (unsalted); 100 grams Butter (unsalted),,butter
rye,2,1/4 tsp rye; 1 tablespoon rye,,rye
Green peas (Matar),2,1/4 cup Green peas (Matar); 1/4 cup Green peas (Matar),,green pea
green beans,2,20 green beans - chop; 10 green beans - cut straight,,green bean
Active dry yeast,2,1 teaspoon Active dry yeast - soaked in luke warm water (2 tablespoon); 1 teaspoon Active dry yeast -  + 1/2 cup of luke warm water,Dry,active dry yeast
Cardamom (Elaichi) Pods/Seeds (powdered),2,2 Cardamom (Elaichi) Pods/Seeds - powdered; 2 Cardamom (Elaichi) Pods/Seeds - powdered,,cardamom elaichi pod seed
coriander powder,2,1/4 teaspoon coriander powder; 1/2 tablespoon coriander powder,,coriander powder
Kashmiri red chilli powder,2,1 teaspoon Kashmiri red chilli powder; 1/2 tablespoon Kashmiri red chilli powder,,kashmiri red chilli powder
arabic,1,250 gm arabic - wash now,,arabic
whole black pepper,1,1/4 tsp whole black pepper,,whole black pepper
2 tsp cumin seeds,1,1/2 2 tsp cumin seeds,,tsp cumin seed
Ada,1,1 cup Ada,,ada
Banana flower (Vazhaipoo),1,2 Banana flower (Vazhaipoo) - ripe,,banana flower
Asafoetida (hing) - a pinch,1,Asafoetida (hing) - a pinch,,asafoetida hing pinch
Rasam Powder,1,1/2 teaspoon Rasam Powder,,rasam powder
Aachi Fish Masala,1,2 teaspoons Aachi Fish Masala,,aachi fish masala
Sambar Powder,1,2 tablespoons Sambar Powder,,sambar powder
Coriander Powder (dhania),1,2-1/2 teaspoons Coriander Powder (Dhania),,coriander powder
Asafoetida (hing) - powder,1,1/4 teaspoon Asafoetida (hing) - powder,,asafoetida hing powder
Enos fruit salt,1,1/4 teaspoon Enos fruit salt - optional,,enos fruit salt
Gram flour (besan),1,1/4 cup Gram flour (besan),,gram flour
Mixed Vegetables - french beans,1,1 cup Mixed vegetables - (french beans,,mixed vegetable french bean
peel,1,peel,,peel
Raw Peanuts (Moongphali),1,1/4 cup Raw Peanuts (Moongphali),,raw peanut
Vanilla Extract,1,1 teaspoon Vanilla Extract,,vanilla extract
fennel powder,1,1/2 teaspoon fennel powder,,fennel powder
Shrimps,1,500 grams Shrimps - cleaned and deveined,,shrimp
Candied orange peel,1,3 tablespoons Candied orange peel,,candied orange peel
Caramel Sauce,1,1/4 cup Caramel Sauce,,caramel sauce
Dry Red Chili,1,2 to 3 Dry Red Chilli,Dry,dry red chili
Hot water,1,1/2 cup Hot water,,hot water
Vivatta Maida,1,1 cup Vivatta Maida,,vivatta maida
Mixed nuts - Almond,1,1-1/2 cups Mixed nuts - I used almond,,mixed nut almond
Colocasia root (Arbi),1,250 grams Colocasia root (Arbi) - washed thoroughly and peeled,,colocasia root
curd,1,1/4 cup curd,,curd
Extra Virgin Olive Oil,1,1 tablespoon Extra Virgin Olive Oil - to toss,,extra virgin olive oil
Paprika powder,1,1/2 tablespoon Paprika powder,,paprika powder
cumin powder,1,1 teaspoon cumin powder,,cumin powder
Caster Sugar,1,300 grams Caster Sugar,,caster sugar
Glazed Cherries,1,100 grams Glazed Cherries,,glazed cherry
Dried Figs,1,100 grams Dried Figs,Dried,dried fig
Guava juice,1,1 cup Guava juice - chilled,,guava juice
Palm sugar,1,1/4 cup Palm sugar,,palm sugar
Champagne,1,500 ml Champagne - or Sparkling wine,,champagne
Papaya juice,1,1 cup Papaya juice - chilled,,papaya juice
Kashmiri Red Chili Powder,1,1-1/2 teaspoons Kashmiri Red Chilli Powder,,kashmiri red chili powder
dry red chili,1,1 dry red chili - Break it,Dry,dry red chili
Mixed Dry Fruits - Apricot,1,1-1/2 cups Mixed dry fruits - I used apricot,Dry,mixed dry fruit apricot
Karela (Bitter Gourd/ Pavakkai),1,3 Karela (Bitter Gourd/ Pavakkai),,karela
Tulsi (holy basil),1,20 Tulsi (holy basil),,tulsi
Instant Coffee Powder,1,1 tablespoon Instant Coffee Powder,,instant coffee powder
hot Masala powder,1,3/4 teaspoon hot Masala powder,,hot masala powder
Sardine Fish - mati,1,500 grams Sardine fish - (mathi,,sardine fish mati
Black Eyed Beans (Lobia),1,1/2 cup Black Eyed Beans (Lobia),,black eyed bean
Mooli/Mullangi (Radish),1,2 Mooli/ Mullangi (Radish) - julienned and steamed,,mooli mullangi
Icing Sugar,1,1 cup Icing Sugar - powdered,,icing sugar
Coconut milk ,1,1 3/4 cup Coconut milk,,coconut milk
white urad dal,1,1 tsp white urad dal,,white urad dal
Curry leaf,1,1 sprig curry leaf,,curry leaf
green peas,1,1/2 cup green peas - optional,,green pea
Fish fillet,1,5 Fish fillet,,fish fillet
Papad,1,4 Papad,,papad
coconut milk,1,1/2 cup coconut milk - thick,,coconut milk
green coriander,1,2 tablespoons green coriander - finely chopped,,green coriander
Mutton ,1,500 grams Mutton - with bone (adds flavour),,mutton
olive oil,1,1 tablespoon olive oil - as per use,,olive oil
pepper powder,1,1/4 tablespoon pepper powder,,pepper powder
Banana Stem,1,300 grams Banana Stem - peeled and cut into dices,,banana stem
Rice ada,1,1 cup Rice ada,,rice ada
Bay leaves (tej patta),1,2 Bay leaves (tej patta),,bay leaves
Saffron strands,1,5 Saffron strands,,saffron strand
ginger powder,1,1 tbsp ginger powder,,ginger powder
instant coffee powder,1,1 tbsp instant coffee powder,,instant coffee powder
tulsi,1,20 tulsi,,tulsi
cardamom powder,1,1/2 tsp cardamom powder - more or less,,cardamom powder
Chicken masala,1,2 teaspoon Chicken masala - (you can use other too but I prefer eastern masalas for kerala style preparations),,chicken masala
Baby Potatoes,1,250 grams Baby Potatoes - halved,,baby potato
raw bananas,1,3 raw bananas - peeled and cut into thin,,raw banana
paprika powder,1,1/2 tablespoon paprika powder,,paprika powder
cast Curry leaves,1,1 cast Curry leaves,,cast curry leaves
ginger garlic paste,1,1 tablespoon ginger garlic paste,,ginger garlic paste
whole pepper,1,1 teaspoon whole pepper - ground,,whole pepper
small onion sambar ones,1,1 cup small onion sambar ones,,small onion sambar one
nuggets curry leaves,1,2 nuggets curry leaves,,nugget curry leaves
garam masala powder,1,1/2 teaspoon garam masala powder,,garam masala powder
coriander Powder,1,2 teaspoon coriander Powder,,coriander powder
small onion sambar,1,1/2 cup small onion sambar,,small onion sambar
red chilli flax,1,1 teaspoon red chilli flax,,red chilli flax
Chinese Potato,1,250 grams Chinese Potato - cut into medium size pieces,,chinese potato
Rice puttu,1,1 cup Rice puttu - or wheat puttu,,rice puttu
Red Chilli flakes,1,1 teaspoon Red Chilli flakes - adjust as per spice tolerance,,red chilli flake
Raw banana peel,1,2 Raw banana peel,,raw banana peel
Horse Gram Dal (Kollu/ Kulith),1,250 grams Horse Gram Dal (Kollu/ Kulith) - Sprouted,,horse gram dal
Sardine fish,1,500 grams Sardine fish,,sardine fish
Green Chawli Beans (Yard long beans/Karamani/Barbati),1,300 grams Green Chawli Beans (Yard long beans/Karamani/Barbati) - chopped,,green chawli bean
white urad dal (split),1,1 teaspoon white urad dal (split),,white urad dal
Jackfruit Seeds (Kathal),1,1 cup Jackfruit Seeds (Kathal) - cleaned and sliced,,jackfruit seed
tighten it,1,tighten it,,tighten it
Mixed Vegetables - potatoes,1,1-1/2 cups Mixed vegetables - (potatoes,,mixed vegetable potato
Ragi Flour (Finger Millet/ Nagli),1,1/2 cup Ragi Flour (Finger Millet/ Nagli),,ragi flour
Bajra Flour (Pearl Millet),1,1/2 cup Bajra Flour ( Pearl Millet),,bajra flour
Garlic Paste ,1,1/2 tablespoon Garlic - paste,,garlic paste
Cooking soda,1,1/2 teaspoon Cooking soda,,cooking soda
Butter,1,1 teaspoon Butter,,butter
Tamarind water,1,1-1/2 cup Tamarind Water,,tamarind water
Kala Chana (Brown Chickpeas),1,1 cup Kala Chana (Brown Chickpeas) - soaked overnight and cooked,,kala chana
Homemade tomato puree,1,1/2 cup Homemade tomato puree,,homemade tomato puree
raw banana peel,1,2 raw banana peel,,raw banana peel
Galic,1,8 Garlic - cloves,,galic
Red black Eyed Beans (Azuki),1,1.5 cups Red Black Eyed Beans (Azuki),,red black eyed bean
active dry yeast,1,1 tsp active dry yeast - + 1/2 cup lukewarm water,Dry,active dry yeast
lukewarm water,1,1 tsp active dry yeast - + 1/2 cup lukewarm water,,lukewarm water
luke warm water,1,1 teaspoon Active dry yeast -  + 1/2 cup of luke warm water,,luke warm water
