recipe_id,line_no,raw_line,review_flags,regex_name,ip_patched_name,regex_qty,ip_qty,regex_unit,ip_unit,modifier_text,ip_state,ip_comment,ip_purpose,verdict,corrected_name,corrected_qty,corrected_unit,corrected_state
1,2,2 liter Milk - full cream,name;state,Milk,Milk; full cream,2,2,liter,liter,full cream,,,,ok,,,,
2,1,1-1/2 cups Curd (Dahi / Yogurt) - thick,qty,Curd (Dahi / Yogurt),Curd (Dahi / Yogurt),1-1/2,1/2,cups,cup,thick,thick,Dahi,,ok,,,,Dahi
2,8,Salt - as per your taste,state,Salt,Salt,,,,,as per your taste,,as per your taste,,ok,,,,as per your taste
3,3,1/2 cup black gram,name,black gram,black grams,1/2,1/2,cup,cup,,,,,ok,,,,
3,6,salt - as per taste,state,salt,salt,,,,,as per taste,,as per taste,,ok,,,,as per taste
4,1,2 Sweet Potatoes - medium size,state,Sweet Potatoes,Sweet Potatoes,2,2,,,medium size,,,,ok,,,,
4,4,Turmeric powder (Haldi) - a pinch,qty;unit;state,Turmeric powder (Haldi),Turmeric powder (Haldi),,1,,pinch,a pinch,,,,ok,,,,
4,5,Asafoetida (hing) - a pinch,qty;unit;state,Asafoetida (hing),Asafoetida (hing),,1,,pinch,a pinch,,,,ok,,,,
4,6,Salt - to taste,state,Salt,Salt,,,,,to taste,,to taste,,ok,,,,to taste
5,1,2 Banana flower (Vazhaipoo) - ripe,name;state,Banana flower (Vazhaipoo),Banana flower (Vazhaipoo) - ripe,2,2,,,ripe,,,,ok,,,,
5,2,1 cup Coconut milk - thick,state,Coconut milk,Coconut milk,1,1,cup,cup,thick,,,,ok,,,,
5,3,3 cups Coconut milk - thin,state,Coconut milk,Coconut milk,3,3,cups,cup,thin,,thin,,ok,,,,thin
5,7,2 Cardamom (Elaichi) Pods/Seeds,unit,Cardamom (Elaichi) Pods/Seeds,Cardamom (Elaichi) Pods/Seeds,2,2,,Pods,,,,,ok,,,,
5,9,3/4 teaspoon Salt - and some more for cooking the chana dal,state,Salt,Salt,3/4,3/4,teaspoon,teaspoon,and some more for cooking the chana dal,,and some more,for cooking the chana dal,ok,,,,and some more
5,10,Water - as required,state,Water,Water,,,,,as required,,as required,,ok,,,,as required
6,8,Salt - to taste,state,Salt,Salt,,,,,to taste,,to taste,,ok,,,,to taste
6,9,Sunflower Oil - for cooking,state,Sunflower Oil,Sunflower Oil,,,,,for cooking,,,for cooking,ok,,,,
7,2,1 Onion - big,state,Onion,Onion,1,1,,,big,,big,,ok,,,,big
7,4,1 cup Coconut milk - thick,state,Coconut milk,Coconut milk,1,1,cup,cup,thick,,,,ok,,,,
7,9,Salt - to taste,state,Salt,Salt,,,,,to taste,,to taste,,ok,,,,to taste
8,9,1 tablespoon Ginger - juliennes,name;state,Ginger,Ginger - juliennes,1,1,tablespoon,tablespoon,juliennes,,,,ok,,,,
8,15,Salt - to taste,state,Salt,Salt,,,,,to taste,,to taste,,ok,,,,to taste
9,1,2 Seer fish - slices,unit;state,Seer fish,Seer fish,2,2,,slices,slices,,,,ok,,,,
9,3,Salt - to taste,state,Salt,Salt,,,,,to taste,,to taste,,ok,,,,to taste
9,7,1 inch Ginger,qty;unit,Ginger,Ginger,1,,inch,,,,,,ok,,,,
9,10,1 inch Cinnamon Stick (Dalchini),name;qty;unit,Cinnamon Stick (Dalchini),Cinnamon Sticks (Dalchini),1,,inch,,,,,,ok,,,,
9,11,2 Cloves (Laung),name;unit,(Laung),Cloves,2,2,Cloves,,,,(Laung),,ok,Laung,,,(Laung)
10,3,4 to 5 Shallots,qty,Shallots,Shallots,4to5,4,,,,,,,ok,,,,
10,5,1-1/2 cups Hung Curd (Greek Yogurt),qty,Hung Curd (Greek Yogurt),Hung Curd (Greek Yogurt),1-1/2,1/2,cups,cup,,,,,ok,,,,
10,6,Salt - to taste,state,Salt,Salt,,,,,to taste,,to taste,,ok,,,,to taste
11,3,1 cup coconut - tighten,name;state,coconut,coconut - tighten,1,1,cup,cup,tighten,,,,ok,,,,
11,4,1 tsp active dry yeast - + 1/2 cup lukewarm water,name,active dry yeast,active dry yeast; water,1,1,tsp,teaspoon,+ 1/2 cup lukewarm water,lukewarm,,,ok,,,,
11,6,salt - as per taste,state,salt,salt,,,,,as per taste,,as per taste,,ok,,,,as per taste
12,1,1-1/2 cups Milk,qty,Milk,Milk,1-1/2,1/2,cups,cup,,,,,ok,,,,
13,3,Salt - to taste,state,Salt,Salt,,,,,to taste,,to taste,,ok,,,,to taste
13,5,Coconut Oil - for cooking,state,Coconut Oil,Coconut Oil,,,,,for cooking,,,for cooking,ok,,,,
13,13,Sunflower Oil - for tempering,state,Sunflower Oil,Sunflower Oil,,,,,for tempering,,,for tempering,ok,,,,
14,1,500 Chicken - medium sized pieces,name;state,Chicken,Chicken; sized pieces,500,500,,,medium sized pieces,,,,ok,,,,
14,3,1 inch Ginger - grated,qty;unit,Ginger,Ginger,1,,inch,,grated,grated,,,ok,,,,
14,8,Salt - as per taste,state,Salt,Salt,,,,,as per taste,,as per taste,,ok,,,,as per taste
14,9,1/2 cup Coconut milk - or grated fresh coconut,name,Coconut milk,Coconut milk; fresh coconut,1/2,1/2,cup,cup,or grated fresh coconut,grated,,,ok,,,,
14,12,1 inch Cinnamon Stick (Dalchini),name;qty;unit,Cinnamon Stick (Dalchini),Cinnamon Sticks (Dalchini),1,,inch,,,,,,ok,,,,
15,1,1 cup Mixed vegetables - (french beans,name;state,Mixed vegetables,Mixed vegetables - french beans,1,1,cup,cup,(french beans,,,,ok,,,,
15,4,Salt - to taste,state,Salt,Salt,,,,,to taste,,to taste,,ok,,,,to taste
15,10,1 inch Cinnamon Stick (Dalchini),name;qty;unit,Cinnamon Stick (Dalchini),Cinnamon Sticks (Dalchini),1,,inch,,,,,,ok,,,,
15,13,Asafoetida (hing) - A pinch,qty;unit;state,Asafoetida (hing),Asafoetida (hing),,1,,pinch,A pinch,,,,ok,,,,
15,14,Curry leaves - as required,state,Curry leaves,Curry leaves,,,,,as required,,as required,,ok,,,,as required
16,1,250 gm arabic - wash now,state,arabic,arabic,250,250,gm,gm,wash now,,wash now,,ok,,,,wash now
16,3,1 tamarind - Malabar,name;state,tamarind,tamarind - Malabar,1,1,,,Malabar,,,,ok,,,,
16,4,salt - as per taste,state,salt,salt,,,,,as per taste,,as per taste,,ok,,,,as per taste
16,5,1/4 cup coconut - scrape,name;state,coconut,coconut - scrape,1/4,1/4,cup,cup,scrape,,,,ok,,,,
16,9,2 onions - peel and chop,state,onions,onions,2,2,,,peel and chop,,peel and chop,,ok,,,,peel and chop
16,12,2 dry red chillies - break,name;state,dry red chillies,dry red chillies - break,2,2,,,break,,,,ok,,,,
17,5,1 inch Ginger - chopped,qty;unit,Ginger,Ginger,1,,inch,,chopped,chopped,,,ok,,,,
17,10,Coconut Oil - for cooking,state,Coconut Oil,Coconut Oil,,,,,for cooking,,,for cooking,ok,,,,
17,11,Salt - to taste,state,Salt,Salt,,,,,to taste,,to taste,,ok,,,,to taste
17,14,Salt - to taste,state,Salt,Salt,,,,,to taste,,to taste,,ok,,,,to taste
18,9,Sunflower Oil - for deep frying,state,Sunflower Oil,Sunflower Oil,,,,,for deep frying,,,for deep frying,ok,,,,
19,1,1/2 kg Fish - (I have used sardine cleaned and cut),state,Fish,Fish,1/2,1/2,kg,kilogram,(I have used sardine cleaned and cut),,(I have used sardine cleaned and cut),,ok,,,,(I have used sardine cleaned and cut)
19,2,Tamarind Water - extract from a big lemon sized tamarind,state,Tamarind Water,Tamarind Water,,,,,extract from a big lemon sized tamarind,,extract from a big lemon sized tamarind,,ok,,,,extract from a big lemon sized tamarind
19,7,Salt - to taste,state,Salt,Salt,,,,,to taste,,to taste,,ok,,,,to taste
20,7,1 Cardamom (Elaichi) Pods/Seeds,unit,Cardamom (Elaichi) Pods/Seeds,Cardamom (Elaichi) Pods/Seeds,1,1,,Pod,,,,,ok,,,,
21,5,1/4 cup Gram flour (besan),name,Gram flour (besan),Grams flour (besan),1/4,1/4,cup,cup,,,,,ok,,,,
21,8,Salt - Pinch,qty;unit;state,Salt,Salt,,1,,Pinch,Pinch,,,,ok,,,,
22,8,Salt - to taste,state,Salt,Salt,,,,,to taste,,to taste,,ok,,,,to taste
22,9,Coconut Oil - for cooking,state,Coconut Oil,Coconut Oil,,,,,for cooking,,,for cooking,ok,,,,
23,6,1/4 teaspoon Enos fruit salt - optional,state,Enos fruit salt,Enos fruit salt,1/4,1/4,teaspoon,teaspoon,optional,,optional,,ok,,,,optional
23,7,Ghee - for cooking,state,Ghee,Ghee,,,,,for cooking,,,for cooking,ok,,,,
23,8,Salt - a pinch,state,Salt,Salt,,,,,a pinch,,a pinches,,ok,,,,a pinches
24,2,Tamarind - small lemon sized,name;state,Tamarind,Tamarind; lemon sized,,,,,small lemon sized,,,,ok,,,,
24,6,1/4 teaspoon Asafoetida (hing) - powder,name;state,Asafoetida (hing),Asafoetida (hing) - powder,1/4,1/4,teaspoon,teaspoon,powder,,,,ok,,,,
24,8,Salt - to taste,state,Salt,Salt,,,,,to taste,,to taste,,ok,,,,to taste
24,11,2-3 Dry Red Chillies,qty,Dry Red Chillies,Dry Red Chillies,2-3,2,,,,,,,ok,,,,
25,5,Salt - to taste,state,Salt,Salt,,,,,to taste,,to taste,,ok,,,,to taste
25,9,2-1/2 teaspoons Coriander Powder (Dhania),qty,Coriander Powder (Dhania),Coriander Powder (Dhania),2-1/2,1/2,teaspoons,teaspoon,,,,,ok,,,,
25,10,1-1/2 teaspoons Kashmiri Red Chilli Powder,qty,Kashmiri Red Chilli Powder,Kashmiri Red Chilli Powder,1-1/2,1/2,teaspoons,teaspoon,,,,,ok,,,,
25,15,Salt - to taste,state,Salt,Salt,,,,,to taste,,to taste,,ok,,,,to taste
25,16,2 tablespoons Coconut Oil - as required,state,Coconut Oil,Coconut Oil,2,2,tablespoons,tablespoon,as required,,as required,,ok,,,,as required
26,2,1 Tamarind - malabar,name;state,Tamarind,Tamarind - malabar,1,1,,,malabar,,,,ok,,,,
26,3,Salt - to taste,state,Salt,Salt,,,,,to taste,,to taste,,ok,,,,to taste
27,3,1 cup Curd (Dahi / Yogurt) - or buttermilk,name;state,Curd (Dahi / Yogurt),Curd Yogurt; buttermilk,1,1,cup,cup,or buttermilk,,Dahi,,ok,,,,Dahi
27,4,pinch Turmeric powder (Haldi) - to reduce bitter from bitter gourd,qty;state,Turmeric powder (Haldi),Turmeric powder (Haldi),,1,pinch,pinch,to reduce bitter from bitter gourd,,to reduce bitter from bitter gourd,,ok,,,,to reduce bitter from bitter gourd
27,5,Salt - to taste,state,Salt,Salt,,,,,to taste,,to taste,,ok,,,,to taste
27,12,Curry leaves - few,state,Curry leaves,Curry leaves,,,,,few,,,,ok,,,,
28,6,1 inch Ginger,qty;unit,Ginger,Ginger,1,,inch,,,,,,ok,,,,
28,9,Salt - to taste,state,Salt,Salt,,,,,to taste,,to taste,,ok,,,,to taste
29,2,1 Green Chilli - adjustable,state,Green Chilli,Green Chilli,1,1,,,adjustable,,adjustable,,ok,,,,adjustable
29,11,Tamarind - Gooseberry Sized,name;state,Tamarind,Tamarind; Gooseberry Sized,,,,,Gooseberry Sized,,,,ok,,,,
29,12,Sunflower Oil - as required,state,Sunflower Oil,Sunflower Oil,,,,,as required,,as required,,ok,,,,as required
29,13,Salt - to taste,state,Salt,Salt,,,,,to taste,,to taste,,ok,,,,to taste
30,4,Salt - to taste,state,Salt,Salt,,,,,to taste,,to taste,,ok,,,,to taste
31,8,1 dry red chili - Break it,state,dry red chili,dry red chili,1,1,,,Break it,,Break it,,ok,,,,Break it
31,10,salt - as per taste,state,salt,salt,,,,,as per taste,,as per taste,,ok,,,,as per taste
32,1,1-1/2 cups Mixed dry fruits - I used apricot,qty;state,Mixed dry fruits,Mixed dry fruits,1-1/2,1/2,cups,cup,I used apricot,,I used apricot,,ok,,,,I used apricot
32,2,3/4 cup Rum - or Double with orange juice,state,Rum,Rum,3/4,3/4,cup,cup,or Double with orange juice,,or Double with orange juice,,ok,,,,or Double with orange juice
32,8,3 Cloves (Laung),name;unit,(Laung),Cloves,3,3,Cloves,,,,(Laung),,ok,,,,(Laung)
32,9,3 Cardamom (Elaichi) Pods/Seeds,unit,Cardamom (Elaichi) Pods/Seeds,Cardamom (Elaichi) Pods/Seeds,3,3,,Pods,,,,,ok,,,,
32,15,1-1/2 cups Mixed nuts - I used almond,qty;state,Mixed nuts,Mixed nuts,1-1/2,1/2,cups,cup,I used almond,,I used almond,,ok,,,,I used almond
33,1,1 Mango (Ripe) - peel & slice,name;unit;state,Mango (Ripe),Mango (Ripe) - peel,1,1,,slice,peel & slice,,,,ok,,,,
33,9,2 to 3 Dry Red Chilli,qty,Dry Red Chilli,Dry Red Chilli,2to3,2,,,,,,,ok,,,,
33,12,Salt - to taste,state,Salt,Salt,,,,,to taste,,to taste,,ok,,,,to taste
34,7,Salt - to taste,state,Salt,Salt,,,,,to taste,,to taste,,ok,,,,to taste
34,8,Coconut Oil - as required,state,Coconut Oil,Coconut Oil,,,,,as required,,as required,,ok,,,,as required
34,12,1 inch Ginger - chopped,qty;unit,Ginger,Ginger,1,,inch,,chopped,chopped,,,ok,,,,
35,5,3 tablespoons Fresh coconut - or dessicated coconut (grated),name,Fresh coconut,Fresh coconut; dessicated coconut,3,3,tablespoons,tablespoon,or dessicated coconut (grated),(grated),,,ok,,,,
36,3,500 ml Champagne - or Sparkling wine,name;state,Champagne,Champagne; Sparkling wine,500,500,ml,milliliter,or Sparkling wine,,,,ok,,,,
36,5,1/4 cup Guava - cubes (optional),name;state,Guava,Guava - cubes,1/4,1/4,cup,cup,cubes (optional),,(optional),,ok,,,,(optional)
36,6,1/4 cup Papaya - cubes (optional),name;state,Papaya,Papaya - cubes,1/4,1/4,cup,cup,cubes (optional),,(optional),,ok,,,,(optional)
37,7,100 ml Rum - or orange juice (adjust),name;state,Rum,Rum; orange juice (adjust),100,100,ml,milliliter,or orange juice (adjust),,,,ok,,,,
38,5,1 inch Ginger,qty;unit,Ginger,Ginger,1,,inch,,,,,,ok,,,,
38,7,1 inch Cinnamon Stick (Dalchini),name;qty;unit,Cinnamon Stick (Dalchini),Cinnamon Sticks (Dalchini),1,,inch,,,,,,ok,,,,
38,8,1 Cardamom (Elaichi) Pods/Seeds,unit,Cardamom (Elaichi) Pods/Seeds,Cardamom (Elaichi) Pods/Seeds,1,1,,Pod,,,,,ok,,,,
38,15,Salt - to taste,state,Salt,Salt,,,,,to taste,,to taste,,ok,,,,to taste
38,16,Coconut Oil - for cooking,state,Coconut Oil,Coconut Oil,,,,,for cooking,,,for cooking,ok,,,,
39,2,2-1 / 2 cups water,qty;unit,water,water,2-1/2,1,cups,,,,,,ok,,,,
39,6,1-1 / 2 teaspoon red chilli powder,qty;unit,red chilli powder,red chilli powder,1-1/2,1,teaspoon,,,,,,ok,,,,
40,1,500 grams Prawns - tiger,name;state,Prawns,Prawns - tiger,500,500,grams,gram,tiger,,,,ok,,,,
40,8,1-1/2 teaspoon Cumin seeds (Jeera),qty,Cumin seeds (Jeera),Cumin seeds (Jeera),1-1/2,1/2,teaspoon,teaspoon,,,,,ok,,,,
40,9,Turmeric powder (Haldi) - a pinch (optional),qty;unit;state,Turmeric powder (Haldi),Turmeric powder (Haldi),,1,,pinch,a pinch (optional),,(optional),,ok,,,,(optional)
40,11,Curry leaves - Few,state,Curry leaves,Curry leaves,,,,,Few,,,,ok,,,,
40,13,Salt - to taste,state,Salt,Salt,,,,,to taste,,to taste,,ok,,,,to taste
41,4,1 to 2 Green Chillies - slit lengthwise (use as per spice tolerance) 1/2 tablespoon kashmiri chili powder (use as per spice tolerance),name;qty,Green Chillies,Green Chillies; kashmiri chili powder,1to2,1,,,slit lengthwise (use as per spice tolerance) 1/2 tablespoon kashmiri chili powder (use as per spice tolerance),slit lengthwise,(use as per spice tolerance),,ok,,,,(use as per spice tolerance)
41,7,1/2 teaspoon Fennel seeds (Saunf) - in case you don't have fennel seeds you could use cumin seeds,state,Fennel seeds (Saunf),Fennel seeds (Saunf),1/2,1/2,teaspoon,teaspoon,in case you don't have fennel seeds you could use cumin seeds,,in case you don't have fennel seeds you could use cumin seeds,,ok,,,,in case you don't have fennel seeds you could use cumin seeds
41,10,1/2 cup Coconut milk - thick,state,Coconut milk,Coconut milk,1/2,1/2,cup,cup,thick,,,,ok,,,,
41,11,Coconut Oil - or vegetable oil as required,name;state,Coconut Oil,Coconut Oil; vegetable oil,,,,,or vegetable oil as required,,as required,,ok,,,,as required
42,8,Salt - to taste,state,Salt,Salt,,,,,to taste,,to taste,,ok,,,,to taste
42,9,Curry leaves - a sprig,qty;unit;state,Curry leaves,Curry leaves,,1,,sprig,a sprig,,,,ok,,,,
43,2,1/2 cup green peas - optional,state,green peas,green peas,1/2,1/2,cup,cup,optional,,optional,,ok,,,,optional
43,3,1 sprig curry leaf,name,curry leaf,curry leaves,1,1,sprig,sprig,,,,,ok,,,,
43,8,Salt - as per taste,state,Salt,Salt,,,,,as per taste,,as per taste,,ok,,,,as per taste
43,9,1 tsp oil - as per use,state,oil,oil,1,1,tsp,teaspoon,as per use,,as per use,,ok,,,,as per use
44,2,20 green beans - chop,state,green beans,green beans,20,20,,,chop,,chop,,ok,,,,chop
44,7,1 teaspoon salt - as per taste,state,salt,salt,1,1,teaspoon,teaspoon,as per taste,,as per taste,,ok,,,,as per taste
45,4,Salt - to taste,state,Salt,Salt,,,,,to taste,,to taste,,ok,,,,to taste
45,5,1 tablespoon Extra Virgin Olive Oil - to toss,state,Extra Virgin Olive Oil,Extra Virgin Olive Oil,1,1,tablespoon,tablespoon,to toss,,to toss,,ok,,,,to toss
46,5,1 3/4 cup Coconut milk,qty,Coconut milk,Coconut milk,1-3/4,7/4,cup,cup,,,,,,,,,
46,7,Sunflower Oil - for deep frying,state,Sunflower Oil,Sunflower Oil,,,,,for deep frying,,,for deep frying,ok,,,,
47,8,1 inch Ginger,qty;unit,Ginger,Ginger,1,,inch,,,,,,ok,,,,
47,10,1 inch Cinnamon Stick (Dalchini),name;qty;unit,Cinnamon Stick (Dalchini),Cinnamon Sticks (Dalchini),1,,inch,,,,,,ok,,,,
47,11,4 Cloves (Laung),name;unit,(Laung),Cloves,4,4,Cloves,,,,(Laung),,ok,,,,(Laung)
47,14,Sunflower Oil - as required,state,Sunflower Oil,Sunflower Oil,,,,,as required,,as required,,ok,,,,as required
48,2,3 1/2 cups Water,qty,Water,Water,3-1/2,7/2,cups,cup,,,,,,,,,
48,4,1 teaspoon Cardamom (Elaichi) Pods/Seeds,unit,Cardamom (Elaichi) Pods/Seeds,Cardamom (Elaichi) Pods/Seeds,1,1,teaspoon,teaspoon Pod,,,,,ok,,,,
49,1,2 Mooli/ Mullangi (Radish) - julienned and steamed,name,Mooli/ Mullangi (Radish),Mooli/Mullangi (Radish),2,2,,,julienned and steamed,julienned and steamed,,,ok,,,,
49,10,1 inch Ginger,qty;unit,Ginger,Ginger,1,,inch,,,,,,ok,,,,
49,11,Salt - to taste,state,Salt,Salt,,,,,to taste,,to taste,,ok,,,,to taste
51,2,1-1/2 cups Water,qty,Water,Water,1-1/2,1/2,cups,cup,,,,,ok,,,,
51,3,5 Shallots - (pearl onions),state,Shallots,Shallots,5,5,,,(pearl onions),,(pearl onions),,ok,,,,(pearl onions)
51,4,1 inch Ginger - finely chopped,qty;unit,Ginger,Ginger,1,,inch,,finely chopped,finely chopped,,,ok,,,,
51,5,3 Garlic - cloves,unit;state,Garlic,Garlic,3,3,,cloves,cloves,,,,ok,,,,
51,13,Salt - to taste,state,Salt,Salt,,,,,to taste,,to taste,,ok,,,,to taste
52,12,Salt - to taste,state,Salt,Salt,,,,,to taste,,to taste,,ok,,,,to taste
53,5,1/2 inch Ginger,qty;unit,Ginger,Ginger,1/2,,inch,,,,,,ok,,,,
53,8,Salt - to taste,state,Salt,Salt,,,,,to taste,,to taste,,ok,,,,to taste
54,5,1 teaspoon Salt - to taste,state,Salt,Salt,1,1,teaspoon,teaspoon,to taste,,to taste,,ok,,,,to taste
55,2,Sunflower Oil - as required,state,Sunflower Oil,Sunflower Oil,,,,,as required,,as required,,ok,,,,as required
55,11,Salt - to taste,state,Salt,Salt,,,,,to taste,,to taste,,ok,,,,to taste
56,4,1-1/2 teaspoons Salt,qty,Salt,Salt,1-1/2,1/2,teaspoons,teaspoon,,,,,ok,,,,
56,8,1 inch Ginger - crushed or a coarse paste,name;qty;unit;state,Ginger,Ginger; crushed a coarse paste,1,,inch,,crushed or a coarse paste,,,,ok,,,,
56,9,6 cloves Garlic - crushed or a coarse paste,name;state,Garlic,Garlic; crushed a coarse paste,6,6,cloves,cloves,crushed or a coarse paste,,,,ok,,,,
56,16,1 cup Coconut milk - thick,state,Coconut milk,Coconut milk,1,1,cup,cup,thick,,,,ok,,,,
56,17,Salt - as per your taste,state,Salt,Salt,,,,,as per your taste,,as per your taste,,ok,,,,as per your taste
57,5,Salt - to taste,state,Salt,Salt,,,,,to taste,,to taste,,ok,,,,to taste
58,8,2 Cardamom (Elaichi) Pods/Seeds - powdered,unit,Cardamom (Elaichi) Pods/Seeds,Cardamom (Elaichi) Pods/Seeds,2,2,,Pods,powdered,powdered,,,ok,,,,
59,1,500 grams Sardine fish - (mathi,name;state,Sardine fish,Sardine fish - mathi,500,500,grams,gram,(mathi,,,,ok,,,,
59,4,1-1/2 teaspoon Ginger Garlic Paste,qty,Ginger Garlic Paste,Ginger Garlic Paste,1-1/2,1/2,teaspoon,teaspoon,,,,,ok,,,,
59,6,1 tablespoon Red Chilli powder - (add more if you like more spicy),state,Red Chilli powder,Red Chilli powder,1,1,tablespoon,tablespoon,(add more if you like more spicy),,(add more if you like more spicy),,ok,,,,(add more if you like more spicy)
59,9,1-1/2 teaspoon Black pepper powder,qty,Black pepper powder,Black pepper powder,1-1/2,1/2,teaspoon,teaspoon,,,,,ok,,,,
59,14,Salt - to taste,state,Salt,Salt,,,,,to taste,,to taste,,ok,,,,to taste
59,15,Water - as required,state,Water,Water,,,,,as required,,as required,,ok,,,,as required
60,2,Salt - to taste,state,Salt,Salt,,,,,to taste,,to taste,,ok,,,,to taste
60,4,1 teaspoon Red Chilli powder - (add according to taste),state,Red Chilli powder,Red Chilli powder,1,1,teaspoon,teaspoon,(add according to taste),,(add according to taste),,ok,,,,(add according to taste)
60,6,2 teaspoons Mustard seeds - ground coarsely using a mortar pestle/ spice grinder,name,Mustard seeds,Mustard seeds spice grinder,2,2,teaspoons,teaspoon,ground coarsely using a mortar pestle/ spice grinder,ground coarsely using a mortar pestle,,,ok,,,,
61,15,salt - to taste,state,salt,salt,,,,,to taste,,to taste,,ok,,,,to taste
62,2,6 Fresh coconut - chunks,name;state,Fresh coconut,Fresh coconut - chunks,6,6,,,chunks,,,,ok,,,,
62,4,1 inch Cinnamon Stick (Dalchini),name;qty;unit,Cinnamon Stick (Dalchini),Cinnamon Sticks (Dalchini),1,,inch,,,,,,ok,,,,
62,5,1 Bay leaf (tej patta),name,Bay leaf (tej patta),Bay leaves (tej patta),1,1,,,,,,,ok,,,,
62,6,2 inch Ginger,qty;unit,Ginger,Ginger,2,,inch,,,,,,ok,,,,
62,11,2 teaspoons Kashmiri Red Chilli Powder - adjustable,state,Kashmiri Red Chilli Powder,Kashmiri Red Chilli Powder,2,2,teaspoons,teaspoon,adjustable,,adjustable,,ok,,,,adjustable
62,12,1 teaspoons Red Chilli powder - adjustable,state,Red Chilli powder,Red Chilli powder,1,1,teaspoons,teaspoon,adjustable,,adjustable,,ok,,,,adjustable
62,15,Salt - to taste,state,Salt,Salt,,,,,to taste,,to taste,,ok,,,,to taste
62,16,Sunflower Oil - as required,state,Sunflower Oil,Sunflower Oil,,,,,as required,,as required,,ok,,,,as required
63,7,4 Cardamom (Elaichi) Pods/Seeds,unit,Cardamom (Elaichi) Pods/Seeds,Cardamom (Elaichi) Pods/Seeds,4,4,,Pods,,,,,ok,,,,
63,8,3 tablespoons Jaggery - (adjust to taste),state,Jaggery,Jaggery,3,3,tablespoons,tablespoon,(adjust to taste),,(adjust to taste),,ok,,,,(adjust to taste)
63,9,1/4 teaspoon Salt - or to taste,state,Salt,Salt,1/4,1/4,teaspoon,teaspoon,or to taste,,or to taste,,ok,,,,or to taste
64,4,1 tablespoon Fennel seeds (Saunf) - pound,unit;state,Fennel seeds (Saunf),Fennel seeds (Saunf),1,1,tablespoon,pound * tablespoon,pound,,,,ok,,,,
65,4,1 Cardamom (Elaichi) Pods/Seeds,unit,Cardamom (Elaichi) Pods/Seeds,Cardamom (Elaichi) Pods/Seeds,1,1,,Pod,,,,,ok,,,,
66,4,1 teaspoon Active dry yeast -  + 1/2 cup of luke warm water,name;state,Active dry yeast,Active dry yeast; luke warm water,1,1,teaspoon,teaspoon,+ 1/2 cup of luke warm water,,,,ok,,,,
66,6,Salt - to taste,state,Salt,Salt,,,,,to taste,,to taste,,ok,,,,to taste
67,5,Salt - to taste,state,Salt,Salt,,,,,to taste,,to taste,,ok,,,,to taste
67,12,2-1/2 tablespoons Water,qty,Water,Water,2-1/2,1/2,tablespoons,tablespoon,,,,,ok,,,,
67,13,1-1/2 teaspoons Coconut Oil,qty,Coconut Oil,Coconut Oil,1-1/2,1/2,teaspoons,teaspoon,,,,,ok,,,,
68,9,Ghee - for cooking,state,Ghee,Ghee,,,,,for cooking,,,for cooking,ok,,,,
69,1,500 grams Mutton - with bone (adds flavour),name;state,Mutton,Mutton (adds flavour),500,500,grams,gram,with bone (adds flavour),,with bone,,ok,,,,with bone
69,3,Salt - as per your taste,state,Salt,Salt,,,,,as per your taste,,as per your taste,,ok,,,,as per your taste
69,8,2 inch Ginger - finely chopped,qty;unit,Ginger,Ginger,2,,inch,,finely chopped,finely chopped,,,ok,,,,
69,16,Salt - as per your taste,state,Salt,Salt,,,,,as per your taste,,as per your taste,,ok,,,,as per your taste
70,5,1 inch Ginger - chopped,qty;unit,Ginger,Ginger,1,,inch,,chopped,chopped,,,ok,,,,
70,13,Salt - to taste,state,Salt,Salt,,,,,to taste,,to taste,,ok,,,,to taste
70,14,Coconut Oil - for cooking,state,Coconut Oil,Coconut Oil,,,,,for cooking,,,for cooking,ok,,,,
71,5,salt - to taste,state,salt,salt,,,,,to taste,,to taste,,ok,,,,to taste
72,8,salt - as per taste,state,salt,salt,,,,,as per taste,,as per taste,,ok,,,,as per taste
72,9,oil - as per use,state,oil,oil,,,,,as per use,,as per use,,ok,,,,as per use
73,2,oil - as per use,state,oil,oil,,,,,as per use,,as per use,,ok,,,,as per use
73,11,salt - as per taste,state,salt,salt,,,,,as per taste,,as per taste,,ok,,,,as per taste
74,6,1 inch Ginger,qty;unit,Ginger,Ginger,1,,inch,,,,,,ok,,,,
74,15,Sunflower Oil - as required,state,Sunflower Oil,Sunflower Oil,,,,,as required,,as required,,ok,,,,as required
74,16,Salt - to taste,state,Salt,Salt,,,,,to taste,,to taste,,ok,,,,to taste
75,5,turmeric powder - a pinch,state,turmeric powder,turmeric powder,,,,,a pinch,,a pinches,,ok,,,,a pinches
75,7,1/2 teaspoon Fennel - or cumin,name;state,Fennel,Fennel; cumin,1/2,1/2,teaspoon,teaspoon,or cumin,,,,ok,,,,
75,8,1/2 teaspoon fenugreek seeds - grind,state,fenugreek seeds,fenugreek seeds,1/2,1/2,teaspoon,teaspoon,grind,,grinds,,ok,,,,grinds
75,11,coconut oil - as per use,state,coconut oil,coconut oil,,,,,as per use,,as per use,,ok,,,,as per use
76,3,1 tablespoon Red Chilli powder - (adjust),name;state,Red Chilli powder,Red Chilli powder - (adjust),1,1,tablespoon,tablespoon,(adjust),,,,ok,,,,
76,7,Salt - to taste,state,Salt,Salt,,,,,to taste,,to taste,,ok,,,,to taste
76,8,Coconut Oil - for shallow frying,state,Coconut Oil,Coconut Oil,,,,,for shallow frying,,,for shallow frying,ok,,,,
76,9,Curry leaves - a few sprigs,qty;unit;state,Curry leaves,Curry leaves,,few,,sprigs,a few sprigs,,,,ok,,,,
77,8,Salt - to taste,state,Salt,Salt,,,,,to taste,,to taste,,ok,,,,to taste
78,9,Salt - to taste,state,Salt,Salt,,,,,to taste,,to taste,,ok,,,,to taste
79,1,1-1/2 Green peas (Matar),qty,Green peas (Matar),Green peas (Matar),1-1/2,1/2,,,,,,,ok,,,,
79,9,Salt - to taste,state,Salt,Salt,,,,,to taste,,to taste,,ok,,,,to taste
80,4,1 inch Ginger - minced,qty;unit,Ginger,Ginger,1,,inch,,minced,minced,,,ok,,,,
80,8,2 teaspoon Chicken masala - (you can use other too but I prefer eastern masalas for kerala style preparations),state,Chicken masala,Chicken masala,2,2,teaspoon,teaspoon,(you can use other too but I prefer eastern masalas for kerala style preparations),,(you cans use other too but I prefer eastern masalas for kerala style preparations),,ok,,,,(you cans use other too but I prefer eastern masalas for kerala style preparations)
80,10,2 Cloves (Laung),name;unit,(Laung),Cloves,2,2,Cloves,,,,(Laung),,ok,,,,(Laung)
80,11,1 inch Cinnamon Stick (Dalchini),name;qty;unit,Cinnamon Stick (Dalchini),Cinnamon Sticks (Dalchini),1,,inch,,,,,,ok,,,,
80,12,Curry leaves - Handful,state,Curry leaves,Curry leaves,,,,,Handful,,Handfuls,,ok,,,,Handfuls
81,8,1 inch Ginger - grated,qty;unit,Ginger,Ginger,1,,inch,,grated,grated,,,ok,,,,
81,9,6 to 7 cloves Garlic - finely chopped,qty,Garlic,Garlic,6to7,6,cloves,clove,finely chopped,finely chopped,,,ok,,,,
81,10,Salt - as per taste,state,Salt,Salt,,,,,as per taste,,as per taste,,ok,,,,as per taste
81,11,40 grams Instant Oats (Oatmeal) - Masala one,state,Instant Oats (Oatmeal),Instant Oats (Oatmeal),40,40,grams,gram,Masala one,,Masala,,ok,,,,Masala
81,14,1 inch Cinnamon Stick (Dalchini),name;qty;unit,Cinnamon Stick (Dalchini),Cinnamon Sticks (Dalchini),1,,inch,,,,,,ok,,,,
82,5,1 inch Ginger - chopped,qty;unit,Ginger,Ginger,1,,inch,,chopped,chopped,,,ok,,,,
82,16,Coconut Oil - for cooking,state,Coconut Oil,Coconut Oil,,,,,for cooking,,,for cooking,ok,,,,
82,17,Salt - to taste,state,Salt,Salt,,,,,to taste,,to taste,,ok,,,,to taste
83,5,1-1/2 teaspoons Mustard seeds,qty,Mustard seeds,Mustard seeds,1-1/2,1/2,teaspoons,teaspoon,,,,,ok,,,,
83,12,Salt - to taste,state,Salt,Salt,,,,,to taste,,to taste,,ok,,,,to taste
84,4,salt - as per taste,state,salt,salt,,,,,as per taste,,as per taste,,ok,,,,as per taste
84,5,1 tablespoon olive oil - as per use,state,olive oil,olive oil,1,1,tablespoon,tablespoon,as per use,,as per use,,ok,,,,as per use
85,4,5 Cardamom (Elaichi) Pods/Seeds,unit,Cardamom (Elaichi) Pods/Seeds,Cardamom (Elaichi) Pods/Seeds,5,5,,Pods,,,,,ok,,,,
85,7,Ghee - as required,state,Ghee,Ghee,,,,,as required,,as required,,ok,,,,as required
86,9,Salt - to taste,state,Salt,Salt,,,,,to taste,,to taste,,ok,,,,to taste
86,10,1-1/2 cups Fresh coconut - grated,qty,Fresh coconut,Fresh coconut,1-1/2,1/2,cups,cup,grated,grated,,,ok,,,,
86,15,Salt - to taste,state,Salt,Salt,,,,,to taste,,to taste,,ok,,,,to taste
87,6,Salt - to taste,state,Salt,Salt,,,,,to taste,,to taste,,ok,,,,to taste
87,9,1/2 cup Fresh coconut - pieces,qty;unit;state,Fresh coconut,Fresh coconut,1/2,1,cup,piece,pieces,,,,ok,,,,
88,4,1 cup Coconut milk - thick (1st extract),state,Coconut milk,Coconut milk,1,1,cup,cup,thick (1st extract),,thick (1st extract),,ok,,,,thick (1st extract)
88,5,1-1/2 cups Coconut milk - (2nd & 3rd extract),qty;state,Coconut milk,Coconut milk,1-1/2,1/2,cups,cup,(2nd & 3rd extract),,(2nd & 3rd extract),,ok,,,,(2nd & 3rd extract)
88,8,2 teaspoons Fresh coconut - slices,qty;unit;state,Fresh coconut,Fresh coconut,2,1,teaspoons,slice,slices,,,,ok,,,,
88,10,Ghee - as required,state,Ghee,Ghee,,,,,as required,,as required,,ok,,,,as required
89,1,300 grams Banana Stem - peeled and cut into dices,name,Banana Stem,Banana Stems,300,300,grams,gram,peeled and cut into dices,peeled and cut into dices,,,ok,,,,
89,5,Salt - to taste,state,Salt,Salt,,,,,to taste,,to taste,,ok,,,,to taste
90,6,2 Cardamom (Elaichi) Pods/Seeds - powdered,unit,Cardamom (Elaichi) Pods/Seeds,Cardamom (Elaichi) Pods/Seeds,2,2,,Pods,powdered,powdered,,,ok,,,,
91,4,Salt - to taste,state,Salt,Salt,,,,,to taste,,to taste,,ok,,,,to taste
91,7,1 inch Ginger - grated,qty;unit,Ginger,Ginger,1,,inch,,grated,grated,,,ok,,,,
92,4,1 inch Ginger - chopped,qty;unit,Ginger,Ginger,1,,inch,,chopped,chopped,,,ok,,,,
92,9,Salt - to taste,state,Salt,Salt,,,,,to taste,,to taste,,ok,,,,to taste
92,10,Coconut Oil - for cooking,state,Coconut Oil,Coconut Oil,,,,,for cooking,,,for cooking,ok,,,,
93,1,1 cup Cauliflower (gobi) - florets,name;state,Cauliflower (gobi),Cauliflower (gobi); florets,1,1,cup,cup,florets,,,,ok,,,,
93,3,2 to 3 tablespoons Green peas (Matar) - fresh or frozen,qty;state,Green peas (Matar),Green peas (Matar),2to3,2,tablespoons,tablespoon,fresh or frozen,,fresh or frozen,,ok,,,,fresh or frozen
93,12,1 inch Cinnamon Stick (Dalchini),name;qty;unit,Cinnamon Stick (Dalchini),Cinnamon Sticks (Dalchini),1,,inch,,,,,,ok,,,,
93,14,1 cup Coconut milk - thin,state,Coconut milk,Coconut milk,1,1,cup,cup,thin,,thin,,ok,,,,thin
93,15,1/2 cup Coconut milk - thick,state,Coconut milk,Coconut milk,1/2,1/2,cup,cup,thick,,,,ok,,,,
93,16,Salt - as required,state,Salt,Salt,,,,,as required,,as required,,ok,,,,as required
93,17,4 to 5 Cashew nuts - broken,qty,Cashew nuts,Cashew nuts,4to5,4,,,broken,broken,,,ok,,,,
93,18,Sunflower Oil - as required,state,Sunflower Oil,Sunflower Oil,,,,,as required,,as required,,ok,,,,as required
94,11,Salt - to taste,state,Salt,Salt,,,,,to taste,,to taste,,ok,,,,to taste
95,2,1 Cardamom (Elaichi) Pods/Seeds,unit,Cardamom (Elaichi) Pods/Seeds,Cardamom (Elaichi) Pods/Seeds,1,1,,Pod,,,,,ok,,,,
95,4,5 Cloves (Laung),name;unit,(Laung),Cloves,5,5,Cloves,,,,(Laung),,ok,,,,(Laung)
95,5,1 inch Cinnamon Stick (Dalchini),name;qty;unit,Cinnamon Stick (Dalchini),Cinnamon Sticks (Dalchini),1,,inch,,,,,,ok,,,,
95,7,Salt - to taste,state,Salt,Salt,,,,,to taste,,to taste,,ok,,,,to taste
95,8,1 inch Ginger,qty;unit,Ginger,Ginger,1,,inch,,,,,,ok,,,,
96,7,1/2 tsp cardamom powder - more or less,state,cardamom powder,cardamom powder,1/2,1/2,tsp,teaspoon,more or less,,more or less,,ok,,,,more or less
96,8,3 tbsp jaggery - Add more or less salt to taste,state,jaggery,jaggery,3,3,tbsp,tablespoon,Add more or less salt to taste,,Add more or less salt to taste,,ok,,,,Add more or less salt to taste
97,12,Salt - to taste,state,Salt,Salt,,,,,to taste,,to taste,,ok,,,,to taste
98,1,250 grams small potatoes - half cut,state,small potatoes,small potatoes,250,250,grams,gram,half cut,,half cut,,ok,,,,half cut
98,5,1 inch ginger - chopped,qty;unit,ginger,ginger,1,,inch,,chopped,chopped,,,ok,,,,
98,16,coconut oil - to cook,state,coconut oil,coconut oil,,,,,to cook,,to cook,,ok,,,,to cook
98,17,salt - to taste,state,salt,salt,,,,,to taste,,to taste,,ok,,,,to taste
99,1,1 cup Red matta rice - or Basmati Rice,name;state,Red matta rice,Red matta rice; Basmati Rice,1,1,cup,cup,or Basmati Rice,,,,ok,,,,
99,2,1-1/2 cups Fresh coconut - grated,qty,Fresh coconut,Fresh coconut,1-1/2,1/2,cups,cup,grated,grated,,,ok,,,,
100,2,1 inch Cinnamon Stick (Dalchini),name;qty;unit,Cinnamon Stick (Dalchini),Cinnamon Sticks (Dalchini),1,,inch,,,,,,ok,,,,
100,10,1 inch Ginger - chopped,qty;unit,Ginger,Ginger,1,,inch,,chopped,chopped,,,ok,,,,
100,14,Coconut Oil - for cooking,state,Coconut Oil,Coconut Oil,,,,,for cooking,,,for cooking,ok,,,,
100,15,Salt - to taste,state,Salt,Salt,,,,,to taste,,to taste,,ok,,,,to taste
100,19,Coconut Oil - for cooking,state,Coconut Oil,Coconut Oil,,,,,for cooking,,,for cooking,ok,,,,
101,2,turmeric powder - a pinch,state,turmeric powder,turmeric powder,,,,,a pinch,,a pinches,,ok,,,,a pinches
101,6,salt - 1 sprig curry leaves,name;qty;unit;state,salt,salt; curry leaves,,1,,sprig,1 sprig curry leaves,,,,ok,,,,
101,7,as per taste,name,as per taste,,,,,,,,as per taste,,ok,,,,as per taste
101,8,Coconut oil - as per use,state,Coconut oil,Coconut oil,,,,,as per use,,as per use,,ok,,,,as per use
102,8,Sunflower Oil - as required,state,Sunflower Oil,Sunflower Oil,,,,,as required,,as required,,ok,,,,as required
102,9,Salt - to taste,state,Salt,Salt,,,,,to taste,,to taste,,ok,,,,to taste
102,10,Salt - to taste,state,Salt,Salt,,,,,to taste,,to taste,,ok,,,,to taste
103,8,Salt - to taste,state,Salt,Salt,,,,,to taste,,to taste,,ok,,,,to taste
104,5,1 raw banana - peel and chop straight,state,raw banana,raw banana,1,1,,,peel and chop straight,,peel and chop straight,,ok,,,,peel and chop straight
104,6,2 potatoes - peel and chop straight,state,potatoes,potatoes,2,2,,,peel and chop straight,,peel and chop straight,,ok,,,,peel and chop straight
104,7,250 grams Yam - peel and chop,state,Yam,Yam,250,250,grams,gram,peel and chop,,peel and chop,,ok,,,,peel and chop
104,8,1-1 / 2 cup coconut - grated,qty;unit,coconut,coconut,1-1/2,1,cup,,grated,grated,,,ok,,,,
104,13,salt - as per taste,state,salt,salt,,,,,as per taste,,as per taste,,ok,,,,as per taste
105,4,Salt - to taste,state,Salt,Salt,,,,,to taste,,to taste,,ok,,,,to taste
106,10,1 inch Ginger - thin slices,qty;unit,Ginger,Ginger,1,,inch,,thin slices,thin slices,,,ok,,,,
106,13,2 teaspoon Fresh coconut - (1/2 inch size),state,Fresh coconut,Fresh coconut,2,2,teaspoon,teaspoon,(1/2 inch size),,,,ok,,,,
108,10,Salt - to taste,state,Salt,Salt,,,,,to taste,,to taste,,ok,,,,to taste
109,2,3-1/2 cups Water,qty,Water,Water,3-1/2,1/2,cups,cup,,,,,ok,,,,
109,3,Salt - (if required),state,Salt,Salt,,,,,(if required),,(if required),,ok,,,,(if required)
110,3,10 Shallots - or 1 large onion,state,Shallots,Shallots,10,10,,,or 1 large onion,,or 1 large onion,,ok,,,,or 1 large onion
110,5,1 teaspoon Red Chilli flakes - adjust as per spice tolerance,state,Red Chilli flakes,Red Chilli flakes,1,1,teaspoon,teaspoon,adjust as per spice tolerance,,adjust as per spice tolerance,,ok,,,,adjust as per spice tolerance
110,6,Salt - as per taste,state,Salt,Salt,,,,,as per taste,,as per taste,,ok,,,,as per taste
110,8,Coconut Oil - enough to shallow fry,state,Coconut Oil,Coconut Oil,,,,,enough to shallow fry,,enough to shallow fry,,ok,,,,enough to shallow fry
110,9,2 tablespoons Fresh coconut - pieces,qty;unit;state,Fresh coconut,Fresh coconut,2,1,tablespoons,piece,pieces,,,,ok,,,,
111,1,1 cup Rice puttu - or wheat puttu,name;state,Rice puttu,Rice puttu; wheat puttu,1,1,cup,cup,or wheat puttu,,,,ok,,,,
111,10,Salt - to taste,state,Salt,Salt,,,,,to taste,,to taste,,ok,,,,to taste
112,1,250 grams Horse Gram Dal (Kollu/ Kulith) - Sprouted,name,Horse Gram Dal (Kollu/ Kulith),Horse Grams Dal Kulith,250,250,grams,gram,Sprouted,Sprouted,Kollu,,ok,,,,Kollu
112,5,1/2 inch Ginger,qty;unit,Ginger,Ginger,1/2,,inch,,,,,,ok,,,,
112,9,Salt - to taste,state,Salt,Salt,,,,,to taste,,to taste,,ok,,,,to taste
113,6,3 Garlic - cloves,unit;state,Garlic,Garlic,3,3,,cloves,cloves,,,,ok,,,,
114,2,1 cup Cashew nuts - unsalted,name;state,Cashew nuts,Cashew nuts - unsalted,1,1,cup,cup,unsalted,,,,ok,,,,
114,3,1 cup Jaggery - powdered or brown sugar,name;state,Jaggery,Jaggery; powdered brown sugar,1,1,cup,cup,powdered or brown sugar,,,,ok,,,,
115,15,Coconut Oil - for cooking,state,Coconut Oil,Coconut Oil,,,,,for cooking,,,for cooking,ok,,,,
115,16,Salt - to taste,state,Salt,Salt,,,,,to taste,,to taste,,ok,,,,to taste
116,4,Salt - to taste,state,Salt,Salt,,,,,to taste,,to taste,,ok,,,,to taste
116,6,1 cup Curd (Dahi / Yogurt) - thick and sour,state,Curd (Dahi / Yogurt),Curd (Dahi / Yogurt),1,1,cup,cup,thick and sour,,"Dahi, thick and sour",,ok,,,,"Dahi, thick and sour"
117,10,Salt - to taste,state,Salt,Salt,,,,,to taste,,to taste,,ok,,,,to taste
117,15,2 inch Ginger,qty;unit,Ginger,Ginger,2,,inch,,,,,,ok,,,,
117,18,1-1/2 teaspoon Whole Black Peppercorns,qty,Whole Black Peppercorns,Whole Black Peppercorns,1-1/2,1/2,teaspoon,teaspoon,,,,,ok,,,,
117,19,1 inch Cinnamon Stick (Dalchini),name;qty;unit,Cinnamon Stick (Dalchini),Cinnamon Sticks (Dalchini),1,,inch,,,,,,ok,,,,
117,20,3 Cloves (Laung),name;unit,(Laung),Cloves,3,3,Cloves,,,,(Laung),,ok,,,,(Laung)
118,5,4-5 Black pepper powder,qty,Black pepper powder,Black pepper powder,4-5,4,,,,,,,ok,,,,
118,7,Salt - to taste,state,Salt,Salt,,,,,to taste,,to taste,,ok,,,,to taste
119,6,2 inch Ginger,qty;unit,Ginger,Ginger,2,,inch,,,,,,ok,,,,
119,10,1 teaspoon Coconut Oil - adjustable,state,Coconut Oil,Coconut Oil,1,1,teaspoon,teaspoon,adjustable,,adjustable,,ok,,,,adjustable
119,13,2 Kokum (Malabar Tamarind) - for the curry,state,Kokum (Malabar Tamarind),Kokum (Malabar Tamarind),2,2,,,for the curry,,,for the curry,ok,,,,
119,14,Salt - to taste,state,Salt,Salt,,,,,to taste,,to taste,,ok,,,,to taste
120,3,Salt - to taste,state,Salt,Salt,,,,,to taste,,to taste,,ok,,,,to taste
120,5,3 Green Chillies - (adjust),name;state,Green Chillies,Green Chillies - (adjust),3,3,,,(adjust),,,,ok,,,,
121,10,Salt - to taste,state,Salt,Salt,,,,,to taste,,to taste,,ok,,,,to taste
122,5,Salt - to taste,state,Salt,Salt,,,,,to taste,,to taste,,ok,,,,to taste
123,5,1 Onions - red,state,Onions,Onions,1,1,,,red,,red,,ok,,,,red
123,7,1/2 inch Ginger - peeled and grated (optional),qty;unit,Ginger,Ginger,1/2,,inch,,peeled and grated (optional),peeled and grated,(optional),,ok,,,,(optional)
123,8,1/2 cup Coconut milk - thin,state,Coconut milk,Coconut milk,1/2,1/2,cup,cup,thin,,thin,,ok,,,,thin
123,9,3/4 cup Coconut milk - thick,state,Coconut milk,Coconut milk,3/4,3/4,cup,cup,thick,,,,ok,,,,
123,10,Salt - to taste,state,Salt,Salt,,,,,to taste,,to taste,,ok,,,,to taste
123,11,1/2 inch Cinnamon Stick (Dalchini),name;qty;unit,Cinnamon Stick (Dalchini),Cinnamon Sticks (Dalchini),1/2,,inch,,,,,,ok,,,,
123,12,1 Bay leaf (tej patta),name,Bay leaf (tej patta),Bay leaves (tej patta),1,1,,,,,,,ok,,,,
123,13,10 to 12 Whole Black Peppercorns,qty,Whole Black Peppercorns,Whole Black Peppercorns,10to12,10,,,,,,,ok,,,,
123,14,1 Cardamom (Elaichi) Pods/Seeds,unit,Cardamom (Elaichi) Pods/Seeds,Cardamom (Elaichi) Pods/Seeds,1,1,,Pod,,,,,ok,,,,
124,2,1-1/2 tablespoons Sunflower Oil,qty,Sunflower Oil,Sunflower Oil,1-1/2,1/2,tablespoons,tablespoon,,,,,ok,,,,
124,4,Curry leaves - few sprigs,qty;unit;state,Curry leaves,Curry leaves,,few,,sprigs,few sprigs,,,,ok,,,,
124,6,1/2 inch Ginger - grated,qty;unit,Ginger,Ginger,1/2,,inch,,grated,grated,,,ok,,,,
124,10,1 inch Cinnamon Stick (Dalchini),name;qty;unit,Cinnamon Stick (Dalchini),Cinnamon Sticks (Dalchini),1,,inch,,,,,,ok,,,,
124,11,1 Cardamom (Elaichi) Pods/Seeds,unit,Cardamom (Elaichi) Pods/Seeds,Cardamom (Elaichi) Pods/Seeds,1,1,,Pod,,,,,ok,,,,
124,12,3 Cloves (Laung),name;unit,(Laung),Cloves,3,3,Cloves,,,,(Laung),,ok,,,,(Laung)
125,1,1 cup cabbage - wash and chop finely,state,cabbage,cabbage,1,1,cup,cup,wash and chop finely,,wash and chop finely,,ok,,,,wash and chop finely
125,7,salt - as per taste,state,salt,salt,,,,,as per taste,,as per taste,,ok,,,,as per taste
125,8,Oil - 5 tablespoons coconut - as per use,name;qty;unit;state,Oil,Oil; coconut,,5,,tablespoon,5 tablespoons coconut - as per use,,as per use,,ok,,,,as per use
125,11,3 cloves garlic - chop,name;state,garlic,garlic - chop,3,3,cloves,cloves,chop,,,,ok,,,,
125,12,2 green chillies - chop,state,green chillies,green chillies,2,2,,,chop,,chop,,ok,,,,chop
126,4,1/2 inch Ginger - grated,qty;unit,Ginger,Ginger,1/2,,inch,,grated,grated,,,ok,,,,
127,6,1 teaspoon Coconut Oil - or regular oil,name;state,Coconut Oil,Coconut Oil; regular oil,1,1,teaspoon,teaspoon,or regular oil,,,,ok,,,,
127,12,1 teaspoon Salt - adjust as per your taste,state,Salt,Salt,1,1,teaspoon,teaspoon,adjust as per your taste,,adjust as per your taste,,ok,,,,adjust as per your taste
128,3,1 inch Ginger - finely chopped,qty;unit,Ginger,Ginger,1,,inch,,finely chopped,finely chopped,,,ok,,,,
128,8,1/4 cup Fresh coconut - pieces,qty;unit;state,Fresh coconut,Fresh coconut,1/4,1,cup,piece,pieces,,,,ok,,,,
128,12,Water - enough to cook the prawns,state,Water,Water,,,,,enough to cook the prawns,,enough to cook the prawns,,ok,,,,enough to cook the prawns
128,13,Salt - to taste,state,Salt,Salt,,,,,to taste,,to taste,,ok,,,,to taste
129,1,1-1/2 cups Mixed vegetables - (potatoes,name;qty;state,Mixed vegetables,Mixed vegetables - potatoes,1-1/2,1/2,cups,cup,(potatoes,,,,ok,,,,
129,5,1 inch Ginger - thinly sliced,qty;unit,Ginger,Ginger,1,,inch,,thinly sliced,thinly sliced,,,ok,,,,
129,8,1 cup Coconut milk - thin,state,Coconut milk,Coconut milk,1,1,cup,cup,thin,,thin,,ok,,,,thin
129,9,1 cup Coconut milk - thick,state,Coconut milk,Coconut milk,1,1,cup,cup,thick,,,,ok,,,,
129,15,2 sprig Mint Leaves (Pudina) - made to paste,state,Mint Leaves (Pudina),Mint Leaves (Pudina),2,2,sprig,sprigs,made to paste,,made to paste,,ok,,,,made to paste
129,16,Salt - to taste,state,Salt,Salt,,,,,to taste,,to taste,,ok,,,,to taste
130,4,Salt - to taste,state,Salt,Salt,,,,,to taste,,to taste,,ok,,,,to taste
131,2,1/2 cup Bajra Flour ( Pearl Millet),name,Bajra Flour ( Pearl Millet),Bajra Flour (Pearl Millet),1/2,1/2,cup,cup,,,,,ok,,,,
131,5,Salt - as required,state,Salt,Salt,,,,,as required,,as required,,ok,,,,as required
131,6,Water - as required,state,Water,Water,,,,,as required,,as required,,ok,,,,as required
132,2,1 tablespoon Ghee - for dough,state,Ghee,Ghee,1,1,tablespoon,tablespoon,for dough,,,for dough,ok,,,,
132,7,Salt - to taste,state,Salt,Salt,,,,,to taste,,to taste,,ok,,,,to taste
133,2,6 Cardamom (Elaichi) Pods/Seeds,unit,Cardamom (Elaichi) Pods/Seeds,Cardamom (Elaichi) Pods/Seeds,6,6,,Pods,,,,,ok,,,,
133,3,6 Cloves (Laung),name;unit,(Laung),Cloves,6,6,Cloves,,,,(Laung),,ok,,,,(Laung)
133,4,1 Cinnamon Stick (Dalchini),name,Cinnamon Stick (Dalchini),Cinnamon Sticks (Dalchini),1,1,,,,,,,ok,,,,
133,8,3-4 tablespoons Lemon juice,qty,Lemon juice,Lemon juice,3-4,3,tablespoons,tablespoon,,,,,ok,,,,
133,9,Salt - to taste,state,Salt,Salt,,,,,to taste,,to taste,,ok,,,,to taste
133,14,Salt - to taste,state,Salt,Salt,,,,,to taste,,to taste,,ok,,,,to taste
133,16,1/2 tablespoon Ginger - paste,name;state,Ginger,Ginger - paste,1/2,1/2,tablespoon,tablespoon,paste,,,,ok,,,,
133,17,1/2 tablespoon Garlic - paste,name;state,Garlic,Garlic - paste,1/2,1/2,tablespoon,tablespoon,paste,,,,ok,,,,
133,18,5 - 6 Green Chillies,qty;state,Green Chillies,Green Chillies,5-6,5,,,6 Green Chillies,,,,ok,,,,
133,19,2 - 3 Tomatoes - finely chopped,qty,Tomatoes,Tomatoes,2-3,2,,,3 Tomatoes - finely chopped,finely chopped,,,ok,,,,
133,20,1 Fresh coconut - handful,unit;state,Fresh coconut,Fresh coconut,1,1,,handful,handful,,,,ok,,,,
133,21,1 Coriander (Dhania) Leaves - handful,unit;state,Coriander (Dhania) Leaves,Coriander (Dhania) Leaves,1,1,,Leaf handful,handful,,,,ok,,,,
133,24,6 - 8 Cashew nuts - soaked in 2 tablespoons water,qty,Cashew nuts,Cashew nuts,6-8,6,,,8 Cashew nuts - soaked in 2 tablespoons water,soaked in 2 tablespoons water,,,ok,,,,
133,26,Sunflower Oil - vegetable oil,name;state,Sunflower Oil,Sunflower Oil - vegetable oil,,,,,vegetable oil,,,,ok,,,,
133,27,1 Salt - to taste,state,Salt,Salt,1,1,,,to taste,,to taste,,ok,,,,to taste
133,28,1 Cashew nuts - handful,unit;state,Cashew nuts,Cashew nuts,1,1,,handful,handful,,,,ok,,,,
133,29,1 Raisins - handful,unit;state,Raisins,Raisins,1,1,,handful,handful,,,,ok,,,,
134,8,Water - as required,state,Water,Water,,,,,as required,,as required,,ok,,,,as required
134,9,Sunflower Oil - to deep fry,state,Sunflower Oil,Sunflower Oil,,,,,to deep fry,,to deep fry,,ok,,,,to deep fry
135,8,10 Shallots - whole or cut into half,state,Shallots,Shallots,10,10,,,whole or cut into half,,whole or cut into half,,ok,,,,whole or cut into half
135,9,1-1/2 cup Tamarind Water,qty,Tamarind Water,Tamarind Water,1-1/2,1/2,cup,cup,,,,,ok,,,,
135,14,Salt - to taste,state,Salt,Salt,,,,,to taste,,to taste,,ok,,,,to taste
135,22,1 Curry leaves - few,state,Curry leaves,Curry leaves,1,1,,,few,,,,ok,,,,
136,8,1 inch Ginger - finely chopped,qty;unit,Ginger,Ginger,1,,inch,,finely chopped,finely chopped,,,ok,,,,
136,12,Salt - to taste,state,Salt,Salt,,,,,to taste,,to taste,,ok,,,,to taste
137,4,20 grams Tamarind - lemon sized,state,Tamarind,Tamarind,20,20,grams,gram,lemon sized,,lemon sized,,ok,,,,lemon sized
137,13,Coconut Oil - for cooking,state,Coconut Oil,Coconut Oil,,,,,for cooking,,,for cooking,ok,,,,
137,14,Salt - to taste,state,Salt,Salt,,,,,to taste,,to taste,,ok,,,,to taste
139,12,Salt - to taste,state,Salt,Salt,,,,,to taste,,to taste,,ok,,,,to taste
140,1,2 cups Drumstick Leaves (Moringa/Murungai Keerai) - or Murrungai Keerai,name;state,Drumstick Leaves (Moringa/Murungai Keerai),Drumstick Leaves Murungai Keerai; Murrungai Keerai,2,2,cups,cup,or Murrungai Keerai,,Moringa,,ok,,,,Moringa
140,3,1 inch Ginger - chopped,qty;unit,Ginger,Ginger,1,,inch,,chopped,chopped,,,ok,,,,
140,6,Salt - to taste,state,Salt,Salt,,,,,to taste,,to taste,,ok,,,,to taste
140,7,Coconut Oil - for cooking,state,Coconut Oil,Coconut Oil,,,,,for cooking,,,for cooking,ok,,,,
141,5,1 teaspoon Ginger - paste,name;state,Ginger,Ginger - paste,1,1,teaspoon,teaspoon,paste,,,,ok,,,,
141,13,Salt - to taste,state,Salt,Salt,,,,,to taste,,to taste,,ok,,,,to taste
142,8,Salt - to taste,state,Salt,Salt,,,,,to taste,,to taste,,ok,,,,to taste
143,2,2-1/2 cups Water,qty,Water,Water,2-1/2,1/2,cups,cup,,,,,ok,,,,
143,3,8 Garlic - cloves,unit;state,Garlic,Garlic,8,8,,cloves,cloves,,,,ok,,,,
143,6,1-1/2 teaspoon Red Chilli powder,qty,Red Chilli powder,Red Chilli powder,1-1/2,1/2,teaspoon,teaspoon,,,,,ok,,,,
144,11,Salt - as required,state,Salt,Salt,,,,,as required,,as required,,ok,,,,as required
145,1,1.5 cups Red Black Eyed Beans (Azuki),qty,Red Black Eyed Beans (Azuki),Red Black Eyed Beans (Azuki),1.5,3/2,cups,cup,,,,,,,,,
145,6,Coriander (Dhania) Leaves - few sprigs,qty;unit;state,Coriander (Dhania) Leaves,Coriander (Dhania) Leaves,,few,,sprigs,few sprigs,,Leaves,,ok,,,,Leaves
145,8,Salt - to taste,state,Salt,Salt,,,,,to taste,,to taste,,ok,,,,to taste
