recipe_id,line_no,raw_line
1,1,1 cup Ada
1,2,2 liter Milk - full cream
1,3,3/4 cup Sugar
1,4,1 tablespoon Ghee
1,5,1/2 teaspoon Cardamom Powder (Elaichi)
2,1,1-1/2 cups Curd (Dahi / Yogurt) - thick
2,2,1/2 cup Fresh coconut
2,3,1 cup Vellai Poosanikai (Ash gourd/White Pumpkin) - cubed
2,4,4 Green Chillies
2,5,1/4 teaspoon Black pepper powder
2,6,1/3 cup Water
2,7,1/4 teaspoon Turmeric powder (Haldi)
2,8,Salt - as per your taste
2,9,1 teaspoon Coconut Oil
2,10,1/4 teaspoon Mustard seeds
2,11,1/4 teaspoon Methi Seeds (Fenugreek Seeds)
2,12,1 sprig Curry leaves
2,13,1 Dry Red Chilli
3,1,1/2 cup raw banana - chopped
3,2,1/2 cup suran - chopped
3,3,1/2 cup black gram
3,4,1/2 teaspoon turmeric powder
3,5,1/2 teaspoon red chili powder
3,6,salt - as per taste
3,7,1/2 2 tsp cumin seeds
3,8,1 cup coconut - grated
3,9,1/4 tsp whole black pepper
3,10,3 cloves garlic
3,11,1 green chili
3,12,1 tsp oil
3,13,1/2 tsp mustard
4,1,2 Sweet Potatoes - medium size
4,2,1 Onion
4,3,1/2 teaspoon Rasam Powder
4,4,Turmeric powder (Haldi) - a pinch
4,5,Asafoetida (hing) - a pinch
4,6,Salt - to taste
4,7,2 teaspoons Sunflower Oil
4,8,1 teaspoon Mustard seeds
4,9,1 teaspoon White Urad Dal (Split)
4,10,1 sprig Curry leaves
5,1,2 Banana flower (Vazhaipoo) - ripe
5,2,1 cup Coconut milk - thick
5,3,3 cups Coconut milk - thin
5,4,1/2 cup Rice - raw
5,5,1/2 cup Chana dal (Bengal Gram Dal)
5,6,1/4 Onion
5,7,2 Cardamom (Elaichi) Pods/Seeds
5,8,1 cup Sugar
5,9,3/4 teaspoon Salt - and some more for cooking the chana dal
5,10,Water - as required
6,1,500 grams Bhindi (Lady Finger/Okra) - slit into half and cut into 1 inch pieces
6,2,10 Pearl onions (Sambar Onions) - finely chopped
6,3,1/4 cup Fresh coconut - grated
6,4,2 Green Chillies - finely chopped
6,5,1 sprig Curry leaves
6,6,1/2 teaspoon Mustard seeds
6,7,1/2 teaspoon Turmeric powder (Haldi)
6,8,Salt - to taste
6,9,Sunflower Oil - for cooking
7,1,500 grams Bhindi (Lady Finger/Okra) - cut into 1 inch pieces
7,2,1 Onion - big
7,3,1 Green Chilli - slit
7,4,1 cup Coconut milk - thick
7,5,2 teaspoons Ginger - grated
7,6,1 teaspoon Mustard seeds
7,7,1 sprig Curry leaves
7,8,1 tablespoon Coconut Oil
7,9,Salt - to taste
8,1,1 Carrot (Gajjar) - finely chopped
8,2,1 Brinjal (Baingan / Eggplant) - finely chopped
8,3,1 Potato (Aloo) - finely diced
8,4,1 Elephant yam (Suran/Senai/Ratalu) - finely diced
8,5,6 Green beans (French Beans) - cut into 1 inch pieces
8,6,1 Mango (Raw) - cut into 1 inch lengthwise
8,7,1/4 teaspoon Turmeric powder (Haldi)
8,8,1 cup Fresh coconut - grated
8,9,1 tablespoon Ginger - juliennes
8,10,6 Green Chillies
8,11,1/2 teaspoon Cumin seeds (Jeera)
8,12,1 cup Pearl onions (Sambar Onions)
8,13,2 sprig Curry leaves
8,14,1 tablespoon Coconut Oil
8,15,Salt - to taste
9,1,2 Seer fish - slices
9,2,1/2 teaspoon Turmeric powder (Haldi)
9,3,Salt - to taste
9,4,2 teaspoons Aachi Fish Masala
9,5,1/3 cup Fresh coconut
9,6,6 cloves Garlic
9,7,1 inch Ginger
9,8,2 sprig Coriander (Dhania) Leaves - washed and finely chopped
9,9,1 Tomato - finely chopped
9,10,1 inch Cinnamon Stick (Dalchini)
9,11,2 Cloves (Laung)
9,12,1 Kokum (Malabar Tamarind)
9,13,2 tablespoons Coconut Oil
9,14,3 sprig Curry leaves
9,15,8 Pearl onions (Sambar Onions) - sliced
9,16,2 tablespoons Sambar Powder
10,1,1 kg Tapioca root
10,2,1 cup Fresh coconut - grated
10,3,4 to 5 Shallots
10,4,2 Green Chillies - chopped
10,5,1-1/2 cups Hung Curd (Greek Yogurt)
10,6,Salt - to taste
11,1,2 cups rice - soaked for 3 hours
11,2,1 cup rice - cooked
11,3,1 cup coconut - tighten
11,4,1 tsp active dry yeast - + 1/2 cup lukewarm water
11,5,2 tbsp sugar
11,6,salt - as per taste
12,1,1-1/2 cups Milk
12,2,1 cup Coconut milk
12,3,1/4 cup Yellow Moong Dal (Split) - washed and soaked
12,4,2 tablespoons Chana dal (Bengal Gram Dal) - washed and soaked
12,5,2 tablespoons Fresh coconut - grated
12,6,1/2 cup Jaggery
12,7,10 Cashew nuts - halved
12,8,1 teaspoon Cardamom Powder (Elaichi)
12,9,2 tablespoons Ghee
13,1,2 Nendra Pazham Banana (Ripe) - sliced into rounds
13,2,1/4 teaspoon Turmeric powder (Haldi)
13,3,Salt - to taste
13,4,1 cup Curd (Dahi / Yogurt)
13,5,Coconut Oil - for cooking
13,6,1/2 cup Fresh coconut
13,7,2 Green Chilli
13,8,1 sprig Curry leaves
13,9,1 teaspoon Cumin seeds (Jeera)
13,10,1 teaspoon Mustard seeds
13,11,1 sprig Curry leaves
13,12,1 teaspoon White Urad Dal (Split)
13,13,Sunflower Oil - for tempering
14,1,500 Chicken - medium sized pieces
14,2,1 Onion - roughly chopped
14,3,1 inch Ginger - grated
14,4,6 cloves Garlic - finely chopped
14,5,1 teaspoon Mustard seeds
14,6,8 Curry leaves
14,7,Coconut Oil
14,8,Salt - as per taste
14,9,1/2 cup Coconut milk - or grated fresh coconut
14,10,1 tablespoon Whole Black Peppercorns
14,11,1 teaspoon Coriander (Dhania) Seeds
14,12,1 inch Cinnamon Stick (Dalchini)
14,13,1 teaspoon Fennel seeds (Saunf)
14,14,2 Dry Red Chillies
15,1,1 cup Mixed vegetables - (french beans
15,2,1/4 cup Raw Peanuts (Moongphali)
15,3,1/2 cup Arhar dal (Split Toor Dal)
15,4,Salt - to taste
15,5,1 tablespoon Jaggery
15,6,1/4 cup Fresh coconut - grated
15,7,6 Dry Red Chillies
15,8,1 tablespoon Chana dal (Bengal Gram Dal)
15,9,1 tablespoon White Urad Dal (Split)
15,10,1 inch Cinnamon Stick (Dalchini)
15,11,1 tablespoon Sunflower Oil
15,12,1 teaspoon Mustard seeds
15,13,Asafoetida (hing) - A pinch
15,14,Curry leaves - as required
16,1,250 gm arabic - wash now
16,2,peel
16,3,1 tamarind - Malabar
16,4,salt - as per taste
16,5,1/4 cup coconut - scrape
16,6,1 teaspoon red chilli powder
16,7,2 onions - peeled
16,8,1 tablespoon coconut oil
16,9,2 onions - peel and chop
16,10,1 teaspoon mustard
16,11,1 teaspoon cumin seeds
16,12,2 dry red chillies - break
16,13,7 curry leaves
17,1,300 grams Chicken - minced
17,2,1 Onion - sliced
17,3,1 sprig Curry leaves
17,4,4 cloves Garlic - chopped
17,5,1 inch Ginger - chopped
17,6,1 teaspoon Turmeric powder (Haldi)
17,7,2 teaspoons Red Chilli powder
17,8,2 teaspoons Garam masala powder
17,9,1 teaspoon Black pepper powder
17,10,Coconut Oil - for cooking
17,11,Salt - to taste
17,12,1/2 cup Whole Wheat Flour
17,13,1/2 cup All Purpose Flour (Maida)
17,14,Salt - to taste
18,1,2 Nendra Pazham Banana (Ripe)
18,2,1 cup All Purpose Flour (Maida)
18,3,1/4 cup Rice flour
18,4,1/8 teaspoon Baking soda
18,5,1/8 teaspoon Salt
18,6,1/8 teaspoon Turmeric powder (Haldi)
18,7,2 Cardamom Powder (Elaichi) - powdered
18,8,3 tablespoons Sugar
18,9,Sunflower Oil - for deep frying
19,1,1/2 kg Fish - (I have used sardine cleaned and cut)
19,2,Tamarind Water - extract from a big lemon sized tamarind
19,3,2 Shallots - finely chopped
19,4,2 tablespoons Coconut Oil
19,5,1 teaspoon Mustard seeds
19,6,2 sprig Curry leaves
19,7,Salt - to taste
19,8,10 cloves Garlic - split length-wise
19,9,1 tablespoon Ginger Garlic Paste
19,10,2 tablespoons Kashmiri Red Chilli Powder
19,11,1 tablespoon Coriander Powder (Dhania)
19,12,1/2 teaspoon Methi Powder (Fenugreek Powder)
20,1,1 cup Jackfruit Ripe (Kathal) - chopped finely
20,2,1/2 cup Rice flour
20,3,1 tablespoon Sunflower Oil
20,4,1 teaspoon Salt
20,5,Lukewarm Water - to knead
20,6,1 cup Fresh coconut - grated
20,7,1 Cardamom (Elaichi) Pods/Seeds
21,1,1 cup Green Moong Dal (Whole) - soaked for 2 hours
21,2,1/2 cup Jaggery
21,3,1 Cardamom Powder (Elaichi)
21,4,1/2 cup Fresh coconut
21,5,1/4 cup Gram flour (besan)
21,6,1/2 cup Rice flour
21,7,1 teaspoon Turmeric powder (Haldi)
21,8,Salt - Pinch
22,1,1 cup Green Moong Dal (Whole)
22,2,1/2 cup Yellow Moong Dal (Split)
22,3,10 Pearl onions (Sambar Onions)
22,4,1 teaspoon Mustard seeds
22,5,1 sprig Curry leaves
22,6,2 Dry Red Chilli
22,7,1 teaspoon Turmeric powder (Haldi)
22,8,Salt - to taste
22,9,Coconut Oil - for cooking
22,10,1/2 cup Fresh coconut
22,11,2 Green Chilli
22,12,1 teaspoon Cumin seeds (Jeera)
23,1,1 cup Rice
23,2,3/4 cup Jaggery - powdered
23,3,1 cup Ripe Bananas - mashed
23,4,1/2 cup Fresh coconut - grated
23,5,2 teaspoons Cardamom Powder (Elaichi)
23,6,1/4 teaspoon Enos fruit salt - optional
23,7,Ghee - for cooking
23,8,Salt - a pinch
24,1,200 grams Bhindi (Lady Finger/Okra) - cut into 1 inch pieces
24,2,Tamarind - small lemon sized
24,3,1/4 teaspoon Turmeric powder (Haldi)
24,4,1 tablespoon Coconut Oil
24,5,1 teaspoon Mustard seeds
24,6,1/4 teaspoon Asafoetida (hing) - powder
24,7,1 sprig Curry leaves
24,8,Salt - to taste
24,9,1 teaspoon Methi Seeds (Fenugreek Seeds)
24,10,2 tablespoons Rice - raw
24,11,2-3 Dry Red Chillies
25,1,500 grams Chicken
25,2,1/4 teaspoon Turmeric powder (Haldi)
25,3,1 teaspoon Kashmiri Red Chilli Powder
25,4,1 teaspoon Lemon juice
25,5,Salt - to taste
25,6,3 Onions - thinly sliced
25,7,1 tablespoon Ginger - finely chopped
25,8,1 tablespoon Garlic - finely chopped
25,9,2-1/2 teaspoons Coriander Powder (Dhania)
25,10,1-1/2 teaspoons Kashmiri Red Chilli Powder
25,11,1 teaspoon Garam masala powder
25,12,1/2 teaspoon Fennel Powder
25,13,3 Tomatoes - thinly sliced
25,14,2 sprig Curry leaves
25,15,Salt - to taste
25,16,2 tablespoons Coconut Oil - as required
26,1,250 grams Colocasia root (Arbi) - washed thoroughly and peeled
26,2,1 Tamarind - malabar
26,3,Salt - to taste
26,4,1/4 cup Fresh coconut - scrapped
26,5,1 teaspoon Red Chilli powder
26,6,2 Onions - peeled
26,7,1 tablespoon Coconut Oil
26,8,2 Onions - peeled and chopped
26,9,1 teaspoon Mustard seeds
26,10,1 teaspoon Cumin seeds (Jeera)
26,11,2 Dry Red Chilli - broken
26,12,7 Curry leaves
27,1,3 Karela (Bitter Gourd/ Pavakkai)
27,2,1 Onion - chopped
27,3,1 cup Curd (Dahi / Yogurt) - or buttermilk
27,4,pinch Turmeric powder (Haldi) - to reduce bitter from bitter gourd
27,5,Salt - to taste
27,6,1/4 cup Fresh coconut - grated
27,7,1/2 teaspoon Mustard seeds
27,8,2 Green Chilli
27,9,2 teaspoon Coconut Oil
27,10,1 teaspoon Mustard seeds
27,11,1 Dry Red Chilli
27,12,Curry leaves - few
28,1,1 cup Fresh coconut
28,2,6 sprig Coriander (Dhania) Leaves
28,3,10 Mint Leaves (Pudina)
28,4,2 Green Chillies
28,5,4 cloves Garlic
28,6,1 inch Ginger
28,7,1 teaspoon Cumin seeds (Jeera)
28,8,1 Lemon juice
28,9,Salt - to taste
29,1,1/2 Raw papaya
29,2,1 Green Chilli - adjustable
29,3,1 cup Fresh coconut - grated
29,4,3 Pearl onions (Sambar Onions) - thinly sliced
29,5,2 sprig Curry leaves
29,6,2 teaspoons Red Chilli powder
29,7,1 teaspoon Turmeric powder (Haldi)
29,8,1/2 teaspoon Cumin seeds (Jeera)
29,9,1/4 teaspoon Mustard seeds
29,10,2 Dry Red Chillies
29,11,Tamarind - Gooseberry Sized
29,12,Sunflower Oil - as required
29,13,Salt - to taste
30,1,4 Mango (Ripe)
30,2,2 Green Chillies - sliced lengthwise
30,3,1 cup Curd (Dahi / Yogurt) - whisked
30,4,Salt - to taste
30,5,1 cup Fresh coconut - grated
30,6,1 teaspoon Cumin seeds (Jeera)
30,7,1/4 teaspoon Turmeric powder (Haldi)
30,8,1 teaspoon Red Chilli powder
30,9,2 teaspoon Coconut Oil
30,10,1/2 teaspoon Mustard seeds
30,11,1/4 teaspoon Methi Seeds (Fenugreek Seeds)
30,12,2 Dry Red Chilli - cut into halves
30,13,1 sprig Curry leaves
31,1,25 okra
31,2,5 green chillies - finely chopped
31,3,1/4 cup curd
31,4,1 sprig curry leaves
31,5,1/2 cup coconut - grated
31,6,1/2 teaspoon cumin seeds
31,7,1/2 teaspoon mustard
31,8,1 dry red chili - Break it
31,9,2 teaspoons oil
31,10,salt - as per taste
32,1,1-1/2 cups Mixed dry fruits - I used apricot
32,2,3/4 cup Rum - or Double with orange juice
32,3,1/2 cup Sugar
32,4,1/2 cup Hot water
32,5,1 cup Vivatta Maida
32,6,1/2 teaspoon Baking powder
32,7,1/2 teaspoon Baking soda
32,8,3 Cloves (Laung)
32,9,3 Cardamom (Elaichi) Pods/Seeds
32,10,1 pinch Cinnamon Powder (Dalchini)
32,11,1 pinch Nutmeg powder
32,12,5 tablespoons Butter (unsalted)
32,13,1/2 cup Sugar
32,14,2 Whole Eggs
32,15,1-1/2 cups Mixed nuts - I used almond
32,16,1/2 cup Tutti frutti
32,17,1 pinch Salt
33,1,1 Mango (Ripe) - peel & slice
33,2,3 Green Chillies - slit
33,3,1/4 cup Fresh coconut - grated
33,4,1 teaspoon Cumin seeds (Jeera)
33,5,1 tablespoon Jaggery
33,6,1/2 teaspoon Turmeric powder (Haldi)
33,7,1/4 cup Curd (Dahi / Yogurt)
33,8,1 tablespoons Coconut Oil
33,9,2 to 3 Dry Red Chilli
33,10,1 sprig Curry leaves
33,11,1/2 teaspoon Mustard seeds
33,12,Salt - to taste
34,1,2 Seer fish - cleaned and cut
34,2,2 sprig Curry leaves
34,3,1 cup Tamarind Water
34,4,1 teaspoon Turmeric powder (Haldi)
34,5,1 cup Coconut milk
34,6,1 Lemon juice
34,7,Salt - to taste
34,8,Coconut Oil - as required
34,9,1 Onion - sliced
34,10,2 Dry Red Chillies
34,11,4 cloves Garlic
34,12,1 inch Ginger - chopped
34,13,1 Green Chilli - chopped
35,1,2 Mango (Ripe)
35,2,1 cup Coconut milk
35,3,1/4 cup Palm sugar
35,4,1 teaspoons Cardamom Powder (Elaichi)
35,5,3 tablespoons Fresh coconut - or dessicated coconut (grated)
35,6,2 tablespoons Badam (Almond) - sliced or chopped
35,7,1 teaspoon Ghee
36,1,1 cup Guava juice - chilled
36,2,1 cup Papaya juice - chilled
36,3,500 ml Champagne - or Sparkling wine
36,4,1 Lemon - juiced
36,5,1/4 cup Guava - cubes (optional)
36,6,1/4 cup Papaya - cubes (optional)
37,1,100 grams Raisins
37,2,100 grams Glazed Cherries
37,3,100 grams Dried Figs
37,4,100 grams Tutti frutti
37,5,50 grams Badam (Almond)
37,6,50 grams Cashew nuts
37,7,100 ml Rum - or orange juice (adjust)
37,8,100 grams Butter (unsalted)
37,9,125 grams Ghee
37,10,300 grams Caster Sugar
37,11,4 Egg yolks
37,12,1 teaspoon Vanilla Extract
37,13,3 tablespoons Candied orange peel
37,14,1/4 cup Caramel Sauce
37,15,1 Orange
37,16,250 grams All Purpose Flour (Maida)
37,17,1/2 teaspoon Baking powder
37,18,1/4 teaspoon Baking soda
37,19,1 teaspoon Cinnamon Powder (Dalchini)
37,20,1/4 teaspoon Nutmeg powder
37,21,1/2 teaspoon Cloves (Laung) - powdered
37,22,1/2 teaspoon Dry ginger powder
37,23,1/4 cup Milk
37,24,4 Egg whites
37,25,3 tablespoons Lemon juice
37,26,4 tablespoons Sugar
38,1,500 grams Shrimps - cleaned and deveined
38,2,1/2 cup Pearl onions (Sambar Onions)
38,3,1 Tomato - chopped
38,4,1 Green Chilli - slit
38,5,1 inch Ginger
38,6,4 cloves Garlic
38,7,1 inch Cinnamon Stick (Dalchini)
38,8,1 Cardamom (Elaichi) Pods/Seeds
38,9,1 teaspoon Whole Black Peppercorns
38,10,1 sprig Curry leaves
38,11,1 cup Coconut milk
38,12,1 teaspoon Turmeric powder (Haldi)
38,13,1 Lemon juice
38,14,1 teaspoon Sugar
38,15,Salt - to taste
38,16,Coconut Oil - for cooking
39,1,2 cups suran - chopped
39,2,2-1 / 2 cups water
39,3,8 cloves garlic
39,4,1 onion - finely chopped
39,5,1/2 teaspoon turmeric powder
39,6,1-1 / 2 teaspoon red chilli powder
39,7,1/2 teaspoon Black pepper powder
39,8,1/2 teaspoon fennel powder
39,9,1 tablespoon oil
39,10,1 teaspoon mustard
39,11,6 curry leaves
40,1,500 grams Prawns - tiger
40,2,1 cup Fresh coconut - grated
40,3,2 tablespoons Coriander (Dhania) Seeds
40,4,4 Dry Red Chillies
40,5,8 Shallots
40,6,8 cloves Garlic - split lengthwise
40,7,1 teaspoon Methi Seeds (Fenugreek Seeds)
40,8,1-1/2 teaspoon Cumin seeds (Jeera)
40,9,Turmeric powder (Haldi) - a pinch (optional)
40,10,1 teaspoon Mustard seeds
40,11,Curry leaves - Few
40,12,30 grams Tamarind
40,13,Salt - to taste
41,1,2 Brinjal (Baingan / Eggplant) - finely chopped (use the regular small eggplant and not the ones used for baingan bhartha)
41,2,1/4 teaspoon Mustard seeds
41,3,1 Onion - finely chopped
41,4,1 to 2 Green Chillies - slit lengthwise (use as per spice tolerance) 1/2 tablespoon kashmiri chili powder (use as per spice tolerance)
41,5,1 pinch Turmeric powder (Haldi)
41,6,1/2 tablespoon Coriander Powder (Dhania)
41,7,1/2 teaspoon Fennel seeds (Saunf) - in case you don't have fennel seeds you could use cumin seeds
41,8,1/2 teaspoon Methi Seeds (Fenugreek Seeds) - grounded
41,9,1 Tomatoes - finely chopped
41,10,1/2 cup Coconut milk - thick
41,11,Coconut Oil - or vegetable oil as required
41,12,2 sprig Curry leaves
41,13,3 sprig Coriander (Dhania) Leaves - finely chopped (optional)
42,1,1/2 cup Yellow Moong Dal (Split)
42,2,1 Chayote - peeled and diced
42,3,1 Potato (Aloo) - peeled and diced
42,4,2 Carrot (Gajjar) - peeled and diced
42,5,1/4 cup Green peas (Matar)
42,6,2 Green Chillies - slit
42,7,1 teaspoon Turmeric powder (Haldi)
42,8,Salt - to taste
42,9,Curry leaves - a sprig
42,10,1/4 teaspoon Black pepper powder
42,11,1 tablespoon Coconut Oil
43,1,1 cabbage - finely chopped
43,2,1/2 cup green peas - optional
43,3,1 sprig curry leaf
43,4,1/4 tsp rye
43,5,1 red chili
43,6,1 tsp white urad dal
43,7,1/4 tsp turmeric powder
43,8,Salt - as per taste
43,9,1 tsp oil - as per use
43,10,5 tbsp coconut - grated
43,11,6 small onions - chopped
43,12,3 cloves garlic - chopped
43,13,green chili - chopped
43,14,3 sprig curry leaves
44,1,3 carrots - chop
44,2,20 green beans - chop
44,3,1 onion - chop
44,4,3 green chillies - cut straight
44,5,1 teaspoon cumin powder
44,6,1/2 teaspoon turmeric powder
44,7,1 teaspoon salt - as per taste
44,8,1 Tablespoon oil
44,9,1/4 teaspoon mustard
44,10,10 curry leaves
45,1,3 Raw Banana - peeled and thinly sliced
45,2,1/2 tablespoon Paprika powder
45,3,1/4 tablespoon Black pepper powder
45,4,Salt - to taste
45,5,1 tablespoon Extra Virgin Olive Oil - to toss
46,1,3 cups Rice flour
46,2,1 cup Icing Sugar - powdered
46,3,1 teaspoon Fennel seeds (Saunf)
46,4,1 pinch Salt
46,5,1 3/4 cup Coconut milk
46,6,1 Whole Eggs
46,7,Sunflower Oil - for deep frying
47,1,250 grams Mutton
47,2,2 tablespoon Fresh coconut - grated
47,3,2 Onions
47,4,2 Potatoes (Aloo)
47,5,3 Tomatoes
47,6,6 Green Chillies
47,7,8 cloves Garlic
47,8,1 inch Ginger
47,9,1 teaspoon Poppy seeds
47,10,1 inch Cinnamon Stick (Dalchini)
47,11,4 Cloves (Laung)
47,12,1 teaspoon Coriander (Dhania) Seeds
47,13,4 sprig Coriander (Dhania) Leaves - chopped
47,14,Sunflower Oil - as required
48,1,1 cup Red matta rice
48,2,3 1/2 cups Water
48,3,1/2 cup Jaggery
48,4,1 teaspoon Cardamom (Elaichi) Pods/Seeds
48,5,1 cup Coconut milk
48,6,1/4 cup Water
48,7,1 tablespoon Ghee
48,8,12 Cashew nuts
48,9,2 tablespoons Dry coconut (kopra) - cut into small pieces
49,1,2 Mooli/ Mullangi (Radish) - julienned and steamed
49,2,1 teaspoon Coconut Oil
49,3,1 teaspoon Mustard seeds
49,4,1 teaspoon Cumin seeds (Jeera)
49,5,8 Curry leaves
49,6,1/2 teaspoon Turmeric powder (Haldi)
49,7,1/4 cup Fresh coconut - grated
49,8,2 Green Chillies
49,9,2 sprig Curry leaves
49,10,1 inch Ginger
49,11,Salt - to taste
49,12,Sunflower Oil
50,1,500 grams Rice - raw
50,2,2 teaspoon Methi Seeds (Fenugreek Seeds)
50,3,1 cup Fresh coconut - grated
50,4,1 cup Cooked rice
50,5,4 tablespoons Sugar
50,6,1/4 teaspoon Baking soda
50,7,1 teaspoon Salt
51,1,2 cups Curd (Dahi / Yogurt)
51,2,1-1/2 cups Water
51,3,5 Shallots - (pearl onions)
51,4,1 inch Ginger - finely chopped
51,5,3 Garlic - cloves
51,6,1 Green Chilli - finely chopped
51,7,1/2 teaspoon Turmeric powder (Haldi)
51,8,1 teaspoon Mustard seeds
51,9,1/2 teaspoon Methi Seeds (Fenugreek Seeds)
51,10,1 sprig Curry leaves
51,11,2 Dry Red Chillies
51,12,2 teaspoons Coconut Oil
51,13,Salt - to taste
52,1,2 Raw Banana - boiled and diced
52,2,1 teaspoon Coconut Oil
52,3,1 teaspoon Mustard seeds
52,4,2 Dry Red Chillies
52,5,8 Curry leaves
52,6,10 Pearl onions (Sambar Onions) - finely chopped
52,7,2 cloves Garlic - finely chopped
52,8,1/2 teaspoon Turmeric powder (Haldi)
52,9,1/4 cup Fresh coconut - grated
52,10,2 Green Chillies
52,11,1/4 cup Coriander (Dhania) Leaves - roughly chopped
52,12,Salt - to taste
53,1,1 cup Fresh coconut - grated
53,2,3 Shallots
53,3,20 grams Tamarind
53,4,3 Dry Red Chilli
53,5,1/2 inch Ginger
53,6,3 Dry Red Chillies
53,7,1 sprig Curry leaves
53,8,Salt - to taste
54,1,2 cups All Purpose Flour (Maida)
54,2,2 tablespoons Ghee
54,3,1/2 cup Milk
54,4,1/2 teaspoon Sugar
54,5,1 teaspoon Salt - to taste
54,6,Lukewarm Water - as required
55,1,4 Tomatoes - chopped (big pieces)
55,2,Sunflower Oil - as required
55,3,1 tablespoon Mustard seeds
55,4,3 Dry Red Chillies - torn into pieces
55,5,5 Curry leaves
55,6,2 Onions - thinly sliced
55,7,1 tablespoon Ginger Garlic Paste
55,8,2 Green Chillies - chopped
55,9,1/2 tablespoon Kashmiri Red Chilli Powder
55,10,1/2 tablespoon Turmeric powder (Haldi)
55,11,Salt - to taste
55,12,2 tablespoons Coriander (Dhania) Leaves - finely chopped
56,1,500 grams Chicken - curry-cut with bones
56,2,2 teaspoons Red Chilli powder
56,3,1 teaspoon Turmeric powder (Haldi)
56,4,1-1/2 teaspoons Salt
56,5,2 Onions - thinly sliced
56,6,1 sprig Curry leaves
56,7,2 Green Chillies
56,8,1 inch Ginger - crushed or a coarse paste
56,9,6 cloves Garlic - crushed or a coarse paste
56,10,1 Tomato - chopped
56,11,2 tablespoon Red Chilli powder
56,12,1 tablespoon Coriander Powder (Dhania)
56,13,1 teaspoon Turmeric powder (Haldi)
56,14,1 tablespoon Fennel Powder
56,15,1 teaspoon Garam masala powder
56,16,1 cup Coconut milk - thick
56,17,Salt - as per your taste
56,18,2 tablespoons Coconut Oil
57,1,2 cups Kaddu (Parangikai/ Pumpkin) - chopped
57,2,1/2 cup Black Eyed Beans (Lobia)
57,3,1/2 teaspoon Red Chilli powder
57,4,1/2 teaspoon Turmeric powder (Haldi)
57,5,Salt - to taste
57,6,1/2 cup Fresh coconut - grated
57,7,1/2 teaspoon Cumin seeds (Jeera)
57,8,1 Green Chilli
57,9,1 tablespoon Coconut Oil
57,10,1/2 teaspoon Mustard seeds
57,11,1 sprig Curry leaves
57,12,2 Dry Red Chillies
57,13,1 tablespoon Fresh coconut
57,14,4 Pearl onions (Sambar Onions) - sliced
58,1,1 cup Rice
58,2,1/4 cup Cooked rice
58,3,1/2 cup Fresh coconut - grated
58,4,1/4 teaspoon Cumin seeds (Jeera)
58,5,1 teaspoon Active dry yeast - soaked in luke warm water (2 tablespoon)
58,6,5 tablespoon Sugar
58,7,1/4 teaspoon Salt
58,8,2 Cardamom (Elaichi) Pods/Seeds - powdered
58,9,1 tablespoon Ghee
58,10,2 teaspoons Raisins
59,1,500 grams Sardine fish - (mathi
59,2,1 cup Shallots - chopped
59,3,2 Tomatoes - pureed
59,4,1-1/2 teaspoon Ginger Garlic Paste
59,5,1/2 Turmeric powder (Haldi)
59,6,1 tablespoon Red Chilli powder - (add more if you like more spicy)
59,7,1 tablespoon Coriander Powder (Dhania)
59,8,1 teaspoon Fennel Powder
59,9,1-1/2 teaspoon Black pepper powder
59,10,4 Kokum (Malabar Tamarind)
59,11,4 tablespoon Coconut Oil
59,12,1 teaspoon Mustard seeds
59,13,1 sprig Curry leaves
59,14,Salt - to taste
59,15,Water - as required
60,1,2 Mango (Ripe) - peeled and chopped roughly (reserve the seeds)
60,2,Salt - to taste
60,3,1 teaspoon Turmeric powder (Haldi)
60,4,1 teaspoon Red Chilli powder - (add according to taste)
60,5,2 sprig Curry leaves
60,6,2 teaspoons Mustard seeds - ground coarsely using a mortar pestle/ spice grinder
60,7,3 tablespoons Fresh coconut - grated
60,8,1/2 tablespoon Jaggery - powdered
61,1,2 eggs - boiled and cut into pieces
61,2,2 onions - finely chopped
61,3,2 tomatoes - finely chopped
61,4,2 cloves garlic - finely chopped
61,5,1 ginger - finely chopped
61,6,1 sprig curry leaves
61,7,3/4 teaspoon hot Masala powder
61,8,1/4 teaspoon black pepper powder
61,9,1 teaspoon Kashmiri red chilli powder
61,10,1/4 teaspoon coriander powder
61,11,1/4 teaspoon turmeric powder
61,12,coriander leaves - finely chopped
61,13,1/4 cup water
61,14,2 Tablespoon coconut oil
61,15,salt - to taste
62,1,4 Crabs
62,2,6 Fresh coconut - chunks
62,3,5 sprig Coriander (Dhania) Leaves
62,4,1 inch Cinnamon Stick (Dalchini)
62,5,1 Bay leaf (tej patta)
62,6,2 inch Ginger
62,7,4 cloves Garlic
62,8,3/4 cup Onion - fried
62,9,1 Onion - chopped
62,10,2 Tomato - finely chopped
62,11,2 teaspoons Kashmiri Red Chilli Powder - adjustable
62,12,1 teaspoons Red Chilli powder - adjustable
62,13,1 tablespoon Coriander Powder (Dhania)
62,14,1 teaspoon Turmeric powder (Haldi)
62,15,Salt - to taste
62,16,Sunflower Oil - as required
63,1,4 cups Water
63,2,1 tablespoon Dry ginger powder
63,3,1 teaspoon Black pepper powder
63,4,1 tablespoon Instant Coffee Powder
63,5,20 Tulsi (holy basil)
63,6,1 teaspoon Cumin seeds (Jeera)
63,7,4 Cardamom (Elaichi) Pods/Seeds
63,8,3 tablespoons Jaggery - (adjust to taste)
63,9,1/4 teaspoon Salt - or to taste
64,1,2 cups Elephant yam (Suran/Senai/Ratalu) - chopped into small cubes
64,2,1 tablespoon Red Chilli powder
64,3,1 teaspoon Turmeric powder (Haldi)
64,4,1 tablespoon Fennel seeds (Saunf) - pound
64,5,1 teaspoon Black pepper powder
64,6,1 teaspoon Mustard seeds
64,7,1 sprig Curry leaves
64,8,1 tablespoon Coconut Oil
64,9,1 cup Pearl onions (Sambar Onions)
64,10,6 cloves Garlic
65,1,1 cup Jackfruit Raw (Kathal) - chopped finely
65,2,1 cup Brown Rice
65,3,1 cup Milk
65,4,1 Cardamom (Elaichi) Pods/Seeds
65,5,1 tablespoon Ghee
65,6,2 teaspoon Cashew nuts - chopped
66,1,2 cups Rice - raw
66,2,1 cup Cooked rice
66,3,1 cup Fresh coconut - freshly grated
66,4,1 teaspoon Active dry yeast -  + 1/2 cup of luke warm water
66,5,2 tablespoons Sugar
66,6,Salt - to taste
67,1,1 Drumstick - chopped to about 1.5 inch
67,2,1 Mango (Raw) - peeled & chopped to bite-size
67,3,1 Green Chilli
67,4,1 cup Water
67,5,Salt - to taste
67,6,1/2 cup Arhar dal (Split Toor Dal) - soaked for 30 minutes
67,7,1/4 teaspoon Turmeric powder (Haldi)
67,8,2 cups Water
67,9,1/4 cup Fresh coconut - grated
67,10,1 teaspoon Cumin seeds (Jeera)
67,11,2 Green Chillies
67,12,2-1/2 tablespoons Water
67,13,1-1/2 teaspoons Coconut Oil
67,14,1/4 teaspoon Mustard seeds
67,15,1/4 teaspoon White Urad Dal (Split)
67,16,2 Dry Red Chillies
67,17,1 sprig Curry leaves
68,1,1 cup Rice flour
68,2,1/2 cup All Purpose Flour (Maida)
68,3,1 teaspoon Dry ginger powder
68,4,1/2 teaspoon Cardamom Powder (Elaichi)
68,5,2 Ripe Bananas - mashed
68,6,4 tablespoon Jaggery
68,7,2 tablespoon Cashew nuts - ground
68,8,1 pinch Salt
68,9,Ghee - for cooking
69,1,500 grams Mutton - with bone (adds flavour)
69,2,1/2 teaspoon Black pepper powder
69,3,Salt - as per your taste
69,4,1/4 teaspoon Turmeric powder (Haldi)
69,5,3 tablespoons Coconut Oil
69,6,1 Onion - finely chopped
69,7,1 Tomato - finely chopped
69,8,2 inch Ginger - finely chopped
69,9,6 cloves Garlic - finely chopped
69,10,3/4 teaspoon Red Chilli powder
69,11,1/4 teaspoon Turmeric powder (Haldi)
69,12,1/4 teaspoon Coriander Powder (Dhania)
69,13,1/2 teaspoon Garam masala powder
69,14,1/2 teaspoon Fennel seeds (Saunf)
69,15,2 sprig Curry leaves
69,16,Salt - as per your taste
70,1,500 grams Tapioca root - skin peeled and chopped into small cubes
70,2,250 grams Chicken - minced
70,3,1 Onion - sliced
70,4,5 cloves Garlic - chopped
70,5,1 inch Ginger - chopped
70,6,1 sprig Curry leaves
70,7,1 Green Chilli - sliced
70,8,1 teaspoon Turmeric powder (Haldi)
70,9,1 teaspoon Red Chilli powder
70,10,2 teaspoons Garam masala powder
70,11,1 teaspoon Black pepper powder
70,12,3 tablespoons Fresh coconut - grated
70,13,Salt - to taste
70,14,Coconut Oil - for cooking
71,1,5 tomatoes - finely chopped
71,2,2 green chillies - chopped
71,3,1/4 teaspoon turmeric powder
71,4,1/2 teaspoon red chilli powder
71,5,salt - to taste
71,6,1 teaspoon coconut oil
71,7,1/2 teaspoon mustard
71,8,1 cast Curry leaves
71,9,1/4 cup coconut - chopped
71,10,1 teaspoon cumin seeds
71,11,5 onions - halved
72,1,500 grams okra - cut
72,2,10 small onions - finely chopped
72,3,1/4 cup coconut - grated
72,4,2 green chillies - finely chopped
72,5,1 sprig curry leaves
72,6,1/2 teaspoon mustard
72,7,1/2 teaspoon turmeric Powder
72,8,salt - as per taste
72,9,oil - as per use
73,1,4 tomatoes - chopped
73,2,oil - as per use
73,3,1 tablespoon rye
73,4,3 dry red chillies - broken
73,5,5 curry leaves
73,6,2 onions - finely chopped
73,7,1 tablespoon ginger garlic paste
73,8,2 green chillies - chopped
73,9,1/2 tablespoon Kashmiri red chilli powder
73,10,1/2 tablespoon turmeric powder
73,11,salt - as per taste
73,12,2 tablespoons green coriander - finely chopped
74,1,2 Whole Eggs - hard boiled and cut to half
74,2,7 Cashew nuts
74,3,1 Onion - chopped
74,4,1 Tomato - chopped
74,5,2 Potato (Aloo)
74,6,1 inch Ginger
74,7,3 Garlic
74,8,2 teaspoon Coriander Powder (Dhania)
74,9,1 teaspoon Red Chilli powder
74,10,1/2 teaspoon Turmeric powder (Haldi)
74,11,1/4 teaspoon Garam masala powder
74,12,1 tablespoon Fennel seeds (Saunf)
74,13,2 tablespoons Coriander (Dhania) Leaves - chopped
74,14,2 sprig Curry leaves
74,15,Sunflower Oil - as required
74,16,Salt - to taste
75,1,2 brinjals - finely chopped
75,2,1/4 teaspoon mustard
75,3,1 onion - finely chopped
75,4,2 green chillies - thin and straight cut
75,5,turmeric powder - a pinch
75,6,1/2 tablespoon coriander powder
75,7,1/2 teaspoon Fennel - or cumin
75,8,1/2 teaspoon fenugreek seeds - grind
75,9,1 tomato - finely chopped
75,10,1/2 cup coconut milk - thick
75,11,coconut oil - as per use
75,12,2 sprig curry leaves
75,13,3 sprig coriander - Finely chop
76,1,5 Fish fillet
76,2,1 teaspoon Ginger Garlic Paste
76,3,1 tablespoon Red Chilli powder - (adjust)
76,4,1/2 teaspoon Turmeric powder (Haldi)
76,5,Black pepper powder - freshly ground to taste
76,6,1/2 Lemon - juiced
76,7,Salt - to taste
76,8,Coconut Oil - for shallow frying
76,9,Curry leaves - a few sprigs
77,1,3 Chayote
77,2,1/2 cup Fresh coconut - grated
77,3,2 Green Chillies
77,4,2 sprig Curry leaves
77,5,Cumin seeds (Jeera)
77,6,1/2 teaspoon Mustard seeds
77,7,1/2 teaspoon Turmeric powder (Haldi)
77,8,Salt - to taste
78,1,1 cup Red matta rice
78,2,1 cup Green Moong Dal (Whole)
78,3,1/2 cup Fresh coconut - grated
78,4,2 cloves Garlic
78,5,1 teaspoon Cumin seeds (Jeera)
78,6,1 Green Chilli - finely chopped
78,7,1 teaspoon Turmeric powder (Haldi)
78,8,2 sprig Curry leaves
78,9,Salt - to taste
78,10,4 Papad
79,1,1-1/2 Green peas (Matar)
79,2,1 Onion - finely chopped
79,3,1/2 cup Fresh coconut - grated
79,4,4 Green Chillies
79,5,1 teaspoon Cumin seeds (Jeera)
79,6,1 sprig Curry leaves
79,7,1 teaspoon Fennel seeds (Saunf)
79,8,1 teaspoon Mustard seeds
79,9,Salt - to taste
79,10,1 teaspoon Sunflower Oil
80,1,500 grams Chicken - curry cut
80,2,3 Onions - sliced
80,3,4 Tomatoes - chopped
80,4,1 inch Ginger - minced
80,5,10 cloves Garlic - minced
80,6,1/2 teaspoon Red Chilli powder
80,7,1/4 teaspoon Turmeric powder (Haldi)
80,8,2 teaspoon Chicken masala - (you can use other too but I prefer eastern masalas for kerala style preparations)
80,9,1 cup Fresh coconut - grated
80,10,2 Cloves (Laung)
80,11,1 inch Cinnamon Stick (Dalchini)
80,12,Curry leaves - Handful
80,13,2 tablespoons Coconut Oil
81,1,400 grams Chicken - cut into medium sized pieces
81,2,1/2 cup Curd (Dahi / Yogurt)
81,3,1 teaspoon Turmeric powder (Haldi)
81,4,1 teaspoon Sunflower Oil
81,5,1 teaspoon Mustard seeds
81,6,10 Curry leaves
81,7,1 Onion - roughly chopped
81,8,1 inch Ginger - grated
81,9,6 to 7 cloves Garlic - finely chopped
81,10,Salt - as per taste
81,11,40 grams Instant Oats (Oatmeal) - Masala one
81,12,1 tablespoon Whole Black Peppercorns
81,13,1 teaspoon Coriander (Dhania) Seeds
81,14,1 inch Cinnamon Stick (Dalchini)
81,15,1 teaspoon Fennel seeds (Saunf)
81,16,2 Dry Red Chillies
82,1,250 grams Baby Potatoes - halved
82,2,1/2 cup Pearl onions (Sambar Onions)
82,3,1 Tomato - finely chopped
82,4,5 Green Chillies - slit
82,5,1 inch Ginger - chopped
82,6,5 cloves Garlic - chopped
82,7,2 teaspoon Coriander Powder (Dhania)
82,8,2 tablespoon Red Chilli powder
82,9,1/2 teaspoon Turmeric powder (Haldi)
82,10,1/2 teaspoon Garam masala powder
82,11,2 sprig Curry leaves
82,12,1 cup Pearl onions (Sambar Onions)
82,13,1 cup Fresh coconut - grated
82,14,1/2 teaspoon Cumin seeds (Jeera)
82,15,1 teaspoon Whole Black Peppercorns - crushed
82,16,Coconut Oil - for cooking
82,17,Salt - to taste
83,1,300 grams Kaddu (Parangikai/ Pumpkin) - peeled and chopped
83,2,1/2 cup Fresh coconut - grated coconut to be ground
83,3,1/4 cup Fresh coconut - to be roasted
83,4,1 Green Chilli
83,5,1-1/2 teaspoons Mustard seeds
83,6,2 teaspoons White Urad Dal (Split)
83,7,2 sprig Curry leaves
83,8,3 Dry Red Chillies
83,9,3/4 teaspoon Turmeric powder (Haldi)
83,10,1 teaspoon Cumin seeds (Jeera)
83,11,1 tablespoon Coconut Oil
83,12,Salt - to taste
84,1,3 raw bananas - peeled and cut into thin
84,2,1/2 tablespoon paprika powder
84,3,1/4 tablespoon pepper powder
84,4,salt - as per taste
84,5,1 tablespoon olive oil - as per use
85,1,1 cup Rice flour
85,2,1 cup Jaggery
85,3,1/2 cup Water
85,4,5 Cardamom (Elaichi) Pods/Seeds
85,5,2 Ripe Bananas
85,6,1 teaspoon Baking soda
85,7,Ghee - as required
86,1,1 cup Vellai Poosanikai (Ash gourd/White Pumpkin) - cut lengthwise
86,2,2 Drumstick - cut lengthwise
86,3,2 Carrots (Gajjar) - cut lengthwise
86,4,10 Green beans (French Beans) -  cut lengthwise
86,5,1 Raw Banana - peeled and cut lengthwise
86,6,2 Potatoes (Aloo) - peeled and cut lengthwise
86,7,1 cup Elephant yam (Suran/Senai/Ratalu) - peeled and cut lengthwise
86,8,1/2 teaspoon Turmeric powder (Haldi)
86,9,Salt - to taste
86,10,1-1/2 cups Fresh coconut - grated
86,11,3 Green Chillies
86,12,1 sprig Curry leaves
86,13,1 teaspoon Cumin seeds (Jeera)
86,14,1 tablespoons Coconut Oil
86,15,Salt - to taste
87,1,300 grams Jackfruit Ripe (Kathal) - chopped coarsely
87,2,1 cup Water
87,3,1 teaspoon Red Chilli powder
87,4,1/2 teaspoon Turmeric powder (Haldi)
87,5,1/2 teaspoon Black pepper powder
87,6,Salt - to taste
87,7,1/2 cup Fresh coconut - grated
87,8,1 teaspoon Cumin seeds (Jeera)
87,9,1/2 cup Fresh coconut - pieces
87,10,1 sprig Curry leaves
87,11,2 Dry Red Chillies
87,12,6 cloves Garlic
87,13,1 teaspoon Mustard seeds
87,14,3 teaspoon Coconut Oil
88,1,1 cup Rice ada
88,2,1 cup Jaggery - grated
88,3,1/2 cup Water
88,4,1 cup Coconut milk - thick (1st extract)
88,5,1-1/2 cups Coconut milk - (2nd & 3rd extract)
88,6,5 Cashew nuts
88,7,7 Raisins
88,8,2 teaspoons Fresh coconut - slices
88,9,1/2 teaspoon Cardamom Powder (Elaichi)
88,10,Ghee - as required
89,1,300 grams Banana Stem - peeled and cut into dices
89,2,1/2 cup Fresh coconut - grated
89,3,2 Green Chillies
89,4,2 sprig Curry leaves
89,5,Salt - to taste
89,6,1 teaspoon Coconut Oil
89,7,1/2 teaspoon Mustard seeds
89,8,1 teaspoon White Urad Dal (Split)
89,9,1 sprig Curry leaves
90,1,2 cup Rice flour
90,2,1/4 cup Fresh coconut - grated
90,3,1 cup Jackfruit Ripe (Kathal) - seeds removed and chopped
90,4,5 tablespoon Sugar
90,5,1/4 teaspoon Salt
90,6,2 Cardamom (Elaichi) Pods/Seeds - powdered
91,1,300 grams Kaddu (Parangikai/ Pumpkin)
91,2,1/2 teaspoon Turmeric powder (Haldi)
91,3,2 teaspoons Jaggery
91,4,Salt - to taste
91,5,1/2 cup Fresh coconut - grated
91,6,1 Green Chilli
91,7,1 inch Ginger - grated
91,8,1 sprig Curry leaves
91,9,1 teaspoon Sunflower Oil
91,10,1/2 teaspoon Mustard seeds
91,11,1/2 teaspoon White Urad Dal (Split)
91,12,1 sprig Curry leaves
92,1,2 Tapioca root
92,2,1 teaspoon Mustard seeds
92,3,1 cup Shallots - chopped
92,4,1 inch Ginger - chopped
92,5,1 sprig Curry leaves
92,6,2 Dry Red Chilli
92,7,2 tablespoon Fresh coconut - grated
92,8,1/2 teaspoon Turmeric powder (Haldi)
92,9,Salt - to taste
92,10,Coconut Oil - for cooking
93,1,1 cup Cauliflower (gobi) - florets
93,2,1/2 cup Carrots (Gajjar) - diced
93,3,2 to 3 tablespoons Green peas (Matar) - fresh or frozen
93,4,1 Onion - finely chopped
93,5,2 tablespoons Ginger Garlic Paste
93,6,2 Green Chillies - slit
93,7,1 Tomato - pureed
93,8,1/2 teaspoon Turmeric powder (Haldi)
93,9,1 teaspoon Red Chilli powder
93,10,2 teaspoons Coriander Powder (Dhania)
93,11,1/2 teaspoon Cumin powder (Jeera)
93,12,1 inch Cinnamon Stick (Dalchini)
93,13,2 sprig Curry leaves
93,14,1 cup Coconut milk - thin
93,15,1/2 cup Coconut milk - thick
93,16,Salt - as required
93,17,4 to 5 Cashew nuts - broken
93,18,Sunflower Oil - as required
93,19,2 tablespoons Coriander (Dhania) Leaves - finely chopped
94,1,250 grams Prawns
94,2,1 cup Coconut milk
94,3,1 teaspoon Tamarind Paste
94,4,1 sprig Curry leaves
94,5,1/2 teaspoon Mustard seeds
94,6,1/2 teaspoon Methi Seeds (Fenugreek Seeds)
94,7,2 Dry Red Chillies
94,8,3 Pearl onions (Sambar Onions)
94,9,1 teaspoon Turmeric powder (Haldi)
94,10,1 teaspoon Kashmiri Red Chilli Powder
94,11,Salt - to taste
94,12,1 teaspoon Lemon juice
94,13,3 teaspoon Mustard oil
94,14,3/4 cup Fresh coconut - grated
94,15,1 teaspoon Ginger - chopped
94,16,2 teaspoon Garlic - chopped
94,17,2 Green Chillies
94,18,1/2 teaspoon Turmeric powder (Haldi)
94,19,1/2 teaspoon Cumin powder (Jeera)
94,20,1 teaspoon Coriander Powder (Dhania)
95,1,2 Bay leaves (tej patta)
95,2,1 Cardamom (Elaichi) Pods/Seeds
95,3,1 tablespoon Whole Black Peppercorns
95,4,5 Cloves (Laung)
95,5,1 inch Cinnamon Stick (Dalchini)
95,6,1 cup Red matta rice - washed thoroughly
95,7,Salt - to taste
95,8,1 inch Ginger
95,9,5 cloves Garlic
95,10,3 Green Chilli
95,11,300 grams Chicken - curry cut
95,12,2 Onions - sliced
95,13,3 Tomatoes - chopped
95,14,1 teaspoon Red Chilli powder
95,15,1/2 teaspoon Turmeric powder (Haldi)
95,16,2 tablespoon Garam masala powder
95,17,1/4 cup Coriander (Dhania) Leaves - chopped
95,18,1/4 cup Mint Leaves (Pudina) - chopped
95,19,1 Lemon juice
95,20,1/2 cup Milk
95,21,5 Saffron strands
95,22,1 tablespoon Cashew nuts
95,23,1 tablespoon Ghee
96,1,4 cups water
96,2,1 tbsp ginger powder
96,3,1 tsp black pepper powder
96,4,1 tbsp instant coffee powder
96,5,20 tulsi
96,6,1 tsp cumin seeds
96,7,1/2 tsp cardamom powder - more or less
96,8,3 tbsp jaggery - Add more or less salt to taste
97,1,1 Cucumber - peeled and diced
97,2,1 Mango (Raw) - peeled and diced
97,3,2 Green Chillies - slit
97,4,1/4 teaspoon Turmeric powder (Haldi)
97,5,1 cup Water
97,6,1/4 cup Fresh coconut - grated
97,7,2 teaspoons Cumin seeds (Jeera)
97,8,1 teaspoon Mustard seeds
97,9,1/2 teaspoon White Urad Dal (Split)
97,10,1 sprig Curry leaves
97,11,1 Dry Red Chilli
97,12,Salt - to taste
98,1,250 grams small potatoes - half cut
98,2,1/2 cup small onion sambar
98,3,1 tomato - finely chopped
98,4,5 green chillies - sliced
98,5,1 inch ginger - chopped
98,6,5 pieces garlic - chopped
98,7,2 teaspoon coriander Powder
98,8,2 tablespoons red chilli powder
98,9,1/2 teaspoon turmeric
98,10,1/2 teaspoon garam masala powder
98,11,2 nuggets curry leaves
98,12,1 cup small onion sambar ones
98,13,1 cup coconut - grated
98,14,1/2 teaspoon cumin
98,15,1 teaspoon whole pepper - ground
98,16,coconut oil - to cook
98,17,salt - to taste
99,1,1 cup Red matta rice - or Basmati Rice
99,2,1-1/2 cups Fresh coconut - grated
99,3,1/2 teaspoon Salt
100,1,300 grams Chicken - with bone cut into small pieces
100,2,1 inch Cinnamon Stick (Dalchini)
100,3,1 tablespoon Whole Black Peppercorns
100,4,1 Carrot (Gajjar) - peeled and cubed
100,5,100 grams Green beans (French Beans) - chopped small
100,6,1 Potato (Aloo) - skin peeled and cubed
100,7,1 Onion - sliced
100,8,1 Green Chilli
100,9,4 cloves Garlic - chopped
100,10,1 inch Ginger - chopped
100,11,10 Cashew nuts - boiled in water and ground to a paste
100,12,1/2 teaspoon Turmeric powder (Haldi)
100,13,1 teaspoon Black pepper powder
100,14,Coconut Oil - for cooking
100,15,Salt - to taste
100,16,1 Onion - sliced
100,17,2 cloves Garlic - chopped
100,18,1 sprig Curry leaves
100,19,Coconut Oil - for cooking
101,1,250 g potato - cut straight and thick
101,2,turmeric powder - a pinch
101,3,10 small onions - cut it straight and thin
101,4,3 cloves garlic - finely chopped
101,5,1 teaspoon red chilli flax
101,6,salt - 1 sprig curry leaves
101,7,as per taste
101,8,Coconut oil - as per use
101,9,2 tablespoons coconut - cut into pieces
102,1,1 cup Jackfruit Seeds (Kathal) - cleaned and sliced
102,2,8 Pearl onions (Sambar Onions) - sliced
102,3,4 cloves Garlic - chopped finely
102,4,1/2 teaspoon Kashmiri Red Chilli Powder
102,5,1/4 teaspoon Black pepper powder
102,6,1 sprig Curry leaves
102,7,1/2 cup Fresh coconut - grated
102,8,Sunflower Oil - as required
102,9,Salt - to taste
102,10,Salt - to taste
103,1,300 grams Raw papaya - skin peeled and cut into medium sized pieces
103,2,1 teaspoon Mustard seeds
103,3,1 teaspoon White Urad Dal (Split)
103,4,1 sprig Curry leaves
103,5,1 pinch Asafoetida (hing)
103,6,1 Green Chilli - chopped
103,7,2 tablespoon Fresh coconut - grated
103,8,Salt - to taste
103,9,Sunflower Oil
104,1,250 grams Ash gourd - cut straight
104,2,2 drumsticks - cut straight
104,3,2 carrots - cut straight
104,4,10 green beans - cut straight
104,5,1 raw banana - peel and chop straight
104,6,2 potatoes - peel and chop straight
104,7,250 grams Yam - peel and chop
104,8,1-1 / 2 cup coconut - grated
104,9,3 green chillies
104,10,1 sprig curry leaves
104,11,1 teaspoon cumin seeds
104,12,1 tablespoon coconut oil
104,13,salt - as per taste
105,1,3/4 cup Whole Wheat Flour
105,2,2 tablespoons Basmati rice - boiled
105,3,1/4 cup Fresh coconut - grated
105,4,Salt - to taste
105,5,1 tablespoon Sugar
106,1,400 grams Mutton
106,2,1 teaspoon Cumin powder (Jeera)
106,3,1 teaspoon Red Chilli powder
106,4,1 teaspoon Coriander Powder (Dhania)
106,5,1/2 teaspoon Turmeric powder (Haldi)
106,6,1 teaspoon Salt
106,7,2 teaspoon Lemon juice
106,8,1 Onion - finely chopped
106,9,5 cloves Garlic - finely chopped
106,10,1 inch Ginger - thin slices
106,11,10 Curry leaves
106,12,4 tablespoon Black pepper powder
106,13,2 teaspoon Fresh coconut - (1/2 inch size)
106,14,3/4 teaspoon Salt
106,15,1/4 cup Water
106,16,2 tablespoons Coconut Oil
107,1,1 cup Instant Oats (Oatmeal)
107,2,1/8 cup Whole Wheat Flour
107,3,1/8 cup Rice flour
107,4,3/4 cup Jaggery - powdered
107,5,1 Ripe Bananas - mashed
107,6,1/4 cup Water
107,7,1/4 teaspoon Baking soda
107,8,4 tablespoon Ghee
108,1,500 grams Chicken - cleaned and cut into 1 inch cubes
108,2,1 teaspoon Garlic - minced
108,3,1 teaspoon Ginger - minced
108,4,2 teaspoons Kashmiri Red Chilli Powder
108,5,1/2 teaspoon Turmeric powder (Haldi)
108,6,2 tablespoon Vinegar
108,7,1 Green Chilli - slit lengthwise
108,8,1 tablespoon Meat masala
108,9,3 tablespoons Fresh coconut - grated
108,10,Salt - to taste
108,11,2 sprig Curry leaves
108,12,3 tablespoons Coconut Oil
108,13,100 ml Water
109,1,1 cup Red matta rice
109,2,3-1/2 cups Water
109,3,Salt - (if required)
110,1,250 grams Chinese Potato - cut into medium size pieces
110,2,1 pinch Turmeric powder (Haldi)
110,3,10 Shallots - or 1 large onion
110,4,3 cloves Garlic - finely chopped
110,5,1 teaspoon Red Chilli flakes - adjust as per spice tolerance
110,6,Salt - as per taste
110,7,1 sprig Curry leaves
110,8,Coconut Oil - enough to shallow fry
110,9,2 tablespoons Fresh coconut - pieces
111,1,1 cup Rice puttu - or wheat puttu
111,2,1 Whole Egg
111,3,1 teaspoon Cumin seeds (Jeera)
111,4,1/4 teaspoon Mustard seeds
111,5,1 sprig Curry leaves
111,6,1 pinch Turmeric powder (Haldi)
111,7,2 Green Chilli - slit/cut
111,8,1/4 teaspoon Black Urad Dal (Split)
111,9,2 teaspoon Sunflower Oil
111,10,Salt - to taste
112,1,250 grams Horse Gram Dal (Kollu/ Kulith) - Sprouted
112,2,1/2 cup Fresh coconut - grated
112,3,1 Green Chilli
112,4,1 teaspoon Cumin seeds (Jeera)
112,5,1/2 inch Ginger
112,6,1 teaspoon Cumin seeds (Jeera)
112,7,1/4 teaspoon Turmeric powder (Haldi)
112,8,1/2 teaspoon Red Chilli powder
112,9,Salt - to taste
112,10,1 Tomato - chopped - optional
113,1,2 Raw banana peel
113,2,1/4 teaspoon Turmeric powder (Haldi)
113,3,2 cups Water
113,4,Salt
113,5,1/2 cup Fresh coconut - grated
113,6,3 Garlic - cloves
113,7,1/2 teaspoon Cumin seeds (Jeera)
113,8,4 Green Chillies
113,9,6 Shallots
113,10,Salt
113,11,1 tablespoon Sunflower Oil
113,12,1/4 teaspoon Mustard seeds
113,13,2 Dry Red Chillies
113,14,8 Curry leaves
114,1,1/2 cup Red matta rice
114,2,1 cup Cashew nuts - unsalted
114,3,1 cup Jaggery - powdered or brown sugar
114,4,1 cup Dry coconut (kopra)
115,1,1 Onion - chopped
115,2,4 cloves Garlic - chopped
115,3,2 tablespoon Coriander (Dhania) Seeds
115,4,1 teaspoon Cumin seeds (Jeera)
115,5,1/4 cup Fresh coconut - grated
115,6,4 Dry Red Chillies
115,7,1/2 teaspoon Turmeric powder (Haldi)
115,8,300 grams Prawns - shells removed and deveined
115,9,1 Drumstick - cut into 3 inch pieces
115,10,1 Green Chilli - slit
115,11,1 Onion - sliced
115,12,1/2 teaspoon Red Chilli powder
115,13,1 teaspoon Mustard seeds
115,14,1 sprig Curry leaves
115,15,Coconut Oil - for cooking
115,16,Salt - to taste
116,1,2 Mango (Ripe) - cut into medium sized cubes
116,2,1 tablespoon Coconut Oil
116,3,1/2 teaspoon Turmeric powder (Haldi)
116,4,Salt - to taste
116,5,1/2 cup Fresh coconut - grated
116,6,1 cup Curd (Dahi / Yogurt) - thick and sour
116,7,1/2 teaspoon Cumin seeds (Jeera)
116,8,3 Green Chillies
116,9,1 teaspoon Coconut Oil
116,10,1/4 teaspoon Mustard seeds
116,11,1/4 teaspoon White Urad Dal (Split)
116,12,2 sprig Curry leaves
116,13,1/2 teaspoon Methi Powder (Fenugreek Powder)
116,14,2 sprig Curry leaves
116,15,2 Dry Red Chillies
117,1,500 grams Mutton
117,2,1/2 cup Shallots
117,3,1/3 cup Tomatoes
117,4,2 sprig Curry leaves
117,5,1 Green Chilli
117,6,1 teaspoon Cumin seeds (Jeera)
117,7,1/4 teaspoon Turmeric powder (Haldi)
117,8,1 tablespoon Red Chilli powder
117,9,Fresh coconut - few sliced pieces
117,10,Salt - to taste
117,11,1 tablespoon Coconut Oil
117,12,1 tablespoon Coriander (Dhania) Seeds
117,13,8 Dry Red Chillies
117,14,8 cloves Garlic
117,15,2 inch Ginger
117,16,1 teaspoon Cumin seeds (Jeera)
117,17,1 teaspoon Fennel seeds (Saunf)
117,18,1-1/2 teaspoon Whole Black Peppercorns
117,19,1 inch Cinnamon Stick (Dalchini)
117,20,3 Cloves (Laung)
117,21,2 Cardamom Powder (Elaichi)
117,22,1 sprig Curry leaves
117,23,1/2 cup Fresh coconut - grated
117,24,1/2 cup Shallots
117,25,1 teaspoon Coconut Oil
118,1,250 grams Elephant yam (Suran/Senai/Ratalu) - peeled and chopped
118,2,2 Raw Banana - peeled and chopped
118,3,1/4 teaspoon Turmeric powder (Haldi)
118,4,1/4 teaspoon Kashmiri Red Chilli Powder
118,5,4-5 Black pepper powder
118,6,1 teaspoon Coconut Oil
118,7,Salt - to taste
118,8,1 cup Fresh coconut - grated
118,9,1 teaspoon Cumin seeds (Jeera)
118,10,1/2 cup Water
118,11,1/4 cup Fresh coconut - grated
118,12,1 teaspoon Coconut Oil
118,13,1/2 teaspoon Cumin seeds (Jeera)
118,14,1/4 teaspoon Mustard seeds
118,15,1/4 teaspoon Turmeric powder (Haldi)
118,16,1/4 teaspoon Red Chilli powder
118,17,2 Dry Red Chillies - cut into small pieces
118,18,1 sprig Curry leaves
119,1,500 grams Sardine fish
119,2,1 cup Fresh coconut - grated
119,3,10 Shallots
119,4,3 Green Chillies
119,5,1/4 tablespoon Dry Red Chilli - crushed
119,6,2 inch Ginger
119,7,3 clove Garlic
119,8,1/4 teaspoon Methi Powder (Fenugreek Powder)
119,9,1/4 teaspoon Turmeric powder (Haldi)
119,10,1 teaspoon Coconut Oil - adjustable
119,11,1 sprig Curry leaves
119,12,1 Kokum (Malabar Tamarind) - soaked
119,13,2 Kokum (Malabar Tamarind) - for the curry
119,14,Salt - to taste
120,1,2 cups Elephant yam (Suran/Senai/Ratalu) - scraped well and cubed to bite size
120,2,1/4 teaspoon Turmeric powder (Haldi)
120,3,Salt - to taste
120,4,1 cup Fresh coconut - grated
120,5,3 Green Chillies - (adjust)
120,6,1 teaspoon Cumin seeds (Jeera)
120,7,1/2 teaspoon Whole Black Peppercorns
120,8,1 teaspoons Coconut Oil
120,9,1 teaspoon Mustard seeds
120,10,1 sprig Curry leaves
121,1,300 grams Green Chawli Beans (Yard long beans/Karamani/Barbati) - chopped
121,2,1 teaspoon Coconut Oil
121,3,1 teaspoon Mustard seeds
121,4,1 teaspoon Cumin seeds (Jeera)
121,5,8 Curry leaves
121,6,1/2 teaspoon Turmeric powder (Haldi)
121,7,1/4 cup Fresh coconut - grated
121,8,2 Green Chillies
121,9,2 sprig Curry leaves
121,10,Salt - to taste
122,1,5 Tomatoes - finely chopped
122,2,2 Green Chillies - chopped
122,3,1/4 teaspoon Turmeric powder (Haldi)
122,4,1/2 teaspoon Red Chilli powder
122,5,Salt - to taste
122,6,1 teaspoon Coconut Oil
122,7,1/2 teaspoon Mustard seeds
122,8,1 sprig Curry leaves
122,9,1/4 cup Fresh coconut - chopped
122,10,1 teaspoon Cumin seeds (Jeera)
122,11,5 Pearl onions (Sambar Onions) - halved
123,1,1 Potato (Aloo) - peeled and cut lengthwise
123,2,1 Carrot (Gajjar) - peeled and cut lengthwise
123,3,15 Green beans (French Beans) - cut lengthwise
123,4,1/4 cup Green peas (Matar)
123,5,1 Onions - red
123,6,1 Garlic - grated
123,7,1/2 inch Ginger - peeled and grated (optional)
123,8,1/2 cup Coconut milk - thin
123,9,3/4 cup Coconut milk - thick
123,10,Salt - to taste
123,11,1/2 inch Cinnamon Stick (Dalchini)
123,12,1 Bay leaf (tej patta)
123,13,10 to 12 Whole Black Peppercorns
123,14,1 Cardamom (Elaichi) Pods/Seeds
123,15,1 sprig Curry leaves
123,16,1 teaspoon Coconut Oil
124,1,4 Whole Eggs
124,2,1-1/2 tablespoons Sunflower Oil
124,3,1/2 teaspoon Mustard seeds
124,4,Curry leaves - few sprigs
124,5,1 Onion - finely chopped
124,6,1/2 inch Ginger - grated
124,7,3 cloves Garlic
124,8,1 Tomato - finely chopped
124,9,6 Dry Red Chillies
124,10,1 inch Cinnamon Stick (Dalchini)
124,11,1 Cardamom (Elaichi) Pods/Seeds
124,12,3 Cloves (Laung)
124,13,2 tablespoons Coriander (Dhania) Seeds
124,14,1/2 teaspoon Whole Black Peppercorns
124,15,7 Shallots
124,16,1/4 cup Fresh coconut
124,17,1/2 teaspoon Fennel seeds (Saunf)
125,1,1 cup cabbage - wash and chop finely
125,2,1 sprig curry leaves
125,3,1/4 teaspoon mustard
125,4,1 red chili
125,5,1 teaspoon white urad dal (split)
125,6,1/4 teaspoon turmeric powder
125,7,salt - as per taste
125,8,Oil - 5 tablespoons coconut - as per use
125,9,tighten it
125,10,6 small onions - cut it from the middle
125,11,3 cloves garlic - chop
125,12,2 green chillies - chop
125,13,3 sprig curry leaves
125,14,Green Chillies - halved
125,15,3 sprig curry leaves
126,1,250 grams Squid - (Cleaned and cut into rings)
126,2,10 Shallots
126,3,2 Tomatoes
126,4,1/2 inch Ginger - grated
126,5,4 cloves Garlic - minced
126,6,3 sprig Curry leaves
126,7,1 teaspoon Coriander Powder (Dhania)
126,8,1 teaspoon Red Chilli powder
126,9,1/4 teaspoon Turmeric powder (Haldi)
126,10,1 teaspoon Fennel seeds (Saunf)
126,11,1 teaspoon Whole Black Peppercorns
126,12,1/2 teaspoon Meat masala
126,13,1 teaspoon Mustard seeds
126,14,1 tablespoon Coconut Oil
127,1,1/2 cup Fresh coconut - grated
127,2,2 Green Chillies - roughly chopped
127,3,1 teaspoon Cumin seeds (Jeera)
127,4,3 Carrots (Gajjar) - chopped
127,5,1 cup Green beans (French Beans) - chopped
127,6,1 teaspoon Coconut Oil - or regular oil
127,7,1/2 teaspoon Mustard seeds
127,8,1 teaspoon White Urad Dal (Split)
127,9,1/4 cup Pearl onions (Sambar Onions) - finely chopped
127,10,2 sprig Curry leaves
127,11,1/2 teaspoon Turmeric powder (Haldi)
127,12,1 teaspoon Salt - adjust as per your taste
128,1,500 grams Prawns
128,2,2 Onions - finely chopped
128,3,1 inch Ginger - finely chopped
128,4,6 cloves Garlic
128,5,1 tablespoons Red Chilli powder
128,6,3/4 tablespoon Coriander Powder (Dhania)
128,7,1/4 teaspoon Turmeric powder (Haldi)
128,8,1/4 cup Fresh coconut - pieces
128,9,1 Kokum (Malabar Tamarind) - soaked
128,10,2 Kokum (Malabar Tamarind) - soaked (for the curry)
128,11,1 sprig Curry leaves
128,12,Water - enough to cook the prawns
128,13,Salt - to taste
128,14,1 tablespoon Coconut Oil
128,15,1/4 teaspoon Mustard seeds
128,16,1 pinch Methi Powder (Fenugreek Powder)
128,17,1 sprig Curry leaves
129,1,1-1/2 cups Mixed vegetables - (potatoes
129,2,1 Onion - thinly sliced
129,3,1 Tomato - roughly chopped
129,4,1 Green Chilli - slit
129,5,1 inch Ginger - thinly sliced
129,6,2 Garlic - sliced
129,7,1 sprig Curry leaves
129,8,1 cup Coconut milk - thin
129,9,1 cup Coconut milk - thick
129,10,1/2 teaspoon Mustard seeds
129,11,1/2 teaspoon Black pepper powder
129,12,2 teaspoon Sunflower Oil
129,13,1 teaspoon Coconut Oil
129,14,1 teaspoon Lemon juice
129,15,2 sprig Mint Leaves (Pudina) - made to paste
129,16,Salt - to taste
130,1,20 Button mushrooms - finely chopped
130,2,1/2 teaspoon Turmeric powder (Haldi)
130,3,2 tablespoon Sunflower Oil
130,4,Salt - to taste
130,5,4 tablespoon Fresh coconut - grated
130,6,4 Shallots
130,7,2 Green Chillies
130,8,5 Curry leaves
130,9,1/2 teaspoon Cumin seeds (Jeera)
130,10,1 teaspoon Mustard seeds
130,11,1 teaspoon Cumin seeds (Jeera)
130,12,2 sprig Curry leaves
130,13,2 Dry Red Chillies
131,1,1/2 cup Ragi Flour (Finger Millet/ Nagli)
131,2,1/2 cup Bajra Flour ( Pearl Millet)
131,3,1 cup Rice flour
131,4,1 cup Drumstick Leaves (Moringa/Murungai Keerai)
131,5,Salt - as required
131,6,Water - as required
131,7,2 teaspoons Ghee
131,8,1 cup Fresh coconut - grated
132,1,2 cups Whole Wheat Flour
132,2,1 tablespoon Ghee - for dough
132,3,1/2 cup Milk
132,4,1/2 teaspoon Sugar
132,5,Water - Lukewarm
132,6,Ghee - Melted
132,7,Salt - to taste
133,1,3 cups Basmati rice - soaked for 25-35 minutes
133,2,6 Cardamom (Elaichi) Pods/Seeds
133,3,6 Cloves (Laung)
133,4,1 Cinnamon Stick (Dalchini)
133,5,1 teaspoon Coriander (Dhania) Leaves - finely chopped
133,6,1 teaspoon Mint Leaves (Pudina) - finely chopped
133,7,3 tablespoons Ghee
133,8,3-4 tablespoons Lemon juice
133,9,Salt - to taste
133,10,1/2 kg Prawns - cleaned and deveined
133,11,1 tablespoon Ginger Garlic Paste
133,12,1/2 tablespoon Red Chilli powder
133,13,1/2 teaspoon Whole Black Peppercorns - ground
133,14,Salt - to taste
133,15,3 Onions - finely chopped
133,16,1/2 tablespoon Ginger - paste
133,17,1/2 tablespoon Garlic - paste
133,18,5 - 6 Green Chillies
133,19,2 - 3 Tomatoes - finely chopped
133,20,1 Fresh coconut - handful
133,21,1 Coriander (Dhania) Leaves - handful
133,22,1/4 cup Mint Leaves (Pudina) - finely chopped
133,23,1/2 cup Curd (Dahi / Yogurt)
133,24,6 - 8 Cashew nuts - soaked in 2 tablespoons water
133,25,1 teaspoon Garam masala powder
133,26,Sunflower Oil - vegetable oil
133,27,1 Salt - to taste
133,28,1 Cashew nuts - handful
133,29,1 Raisins - handful
133,30,1 Onion - finely sliced
133,31,1 teaspoon Coriander (Dhania) Leaves - finely chopped
133,32,1 teaspoon Mint Leaves (Pudina) - finely chopped
133,33,1 teaspoon Mint Leaves (Pudina) - finely chopped
134,1,2 cups Whole Wheat Flour
134,2,1 cup Sugar
134,3,1/2 teaspoon Cooking soda
134,4,1 teaspoon Butter
134,5,1/4 teaspoon Salt
134,6,1 teaspoon Cardamom Powder (Elaichi)
134,7,1/2 cup Milk
134,8,Water - as required
134,9,Sunflower Oil - to deep fry
135,1,1/2 cup Arhar dal (Split Toor Dal)
135,2,2 Potato (Aloo) - peel the skin and cut into large cubes
135,3,1 Drumstick - cut into 2 inch pieces
135,4,2 cups Vellai Poosanikai (Ash gourd/White Pumpkin) - cut into medium sized cubes
135,5,2 Carrots (Gajjar) - cubed
135,6,6 Bhindi (Lady Finger/Okra) - cut into 1 and ½ inch pieces
135,7,1 Tomato - diced
135,8,10 Shallots - whole or cut into half
135,9,1-1/2 cup Tamarind Water
135,10,1 teaspoon Turmeric powder (Haldi)
135,11,2 Green Chillies - slit lengthwise
135,12,1 sprig Curry leaves
135,13,5 sprig Coriander (Dhania) Leaves - freshly chopped
135,14,Salt - to taste
135,15,1/2 cup Fresh coconut - grated
135,16,3 teaspoon Coriander (Dhania) Seeds
135,17,4 Dry Red Chillies
135,18,1 teaspoon Black Urad Dal (Split)
135,19,1 teaspoon Chana dal (Bengal Gram Dal)
135,20,1/4 teaspoon Methi Seeds (Fenugreek Seeds)
135,21,1/4 teaspoon Asafoetida (hing)
135,22,1 Curry leaves - few
135,23,1 teaspoon Coconut Oil
135,24,2 teaspoons Coconut Oil
135,25,1/2 teaspoon Mustard seeds
135,26,2 Shallots - finely sliced (optional)
135,27,2 Dry Red Chillies
135,28,1 sprig Curry leaves
136,1,1 cup Kala Chana (Brown Chickpeas) - soaked overnight and cooked
136,2,1 tablespoon Coconut Oil
136,3,1/2 teaspoon Mustard seeds
136,4,2 sprig Curry leaves - finely chopped
136,5,2 Green Chillies - slit
136,6,15 Pearl onions (Sambar Onions) - finely chopped
136,7,5 cloves Garlic - finely chopped
136,8,1 inch Ginger - finely chopped
136,9,1/2 cup Homemade tomato puree
136,10,1/4 teaspoon Turmeric powder (Haldi)
136,11,1/2 teaspoon Red Chilli powder
136,12,Salt - to taste
136,13,1 cup Fresh coconut
136,14,2 tablespoons Coriander (Dhania) Seeds
136,15,1 teaspoon Fennel seeds (Saunf)
137,1,1 Raw Banana - peeled and cut into small cubes
137,2,1 cup Kaddu (Parangikai/ Pumpkin) - cut into small cubes
137,3,6 Bhindi (Lady Finger/Okra) - cut into 1 inch pieces
137,4,20 grams Tamarind - lemon sized
137,5,1/2 teaspoon Turmeric powder (Haldi)
137,6,1 teaspoon Jaggery
137,7,2 tablespoons Rice
137,8,1 teaspoon Methi Seeds (Fenugreek Seeds)
137,9,7 Dry Red Chillies
137,10,1 teaspoon Mustard seeds
137,11,1 sprig Curry leaves
137,12,1/4 teaspoon Asafoetida (hing)
137,13,Coconut Oil - for cooking
137,14,Salt - to taste
138,1,2 raw banana peel
138,2,1/4 teaspoon turmeric powder
138,3,2 cups water
138,4,salt
138,5,1/2 cup coconut - grated
138,6,3 cloves garlic
138,7,1/2 teaspoon cumin
138,8,4 green chillies
138,9,4 small onions
138,10,salt
138,11,1 tablespoon oil
138,12,1/4 teaspoon mustard
138,13,2 dry red chillies
138,14,8 curry leaves
139,1,1 Jackfruit Raw (Kathal) - with skin shaved off
139,2,1 teaspoon Turmeric powder (Haldi)
139,3,1/2 cup Fresh coconut - grated
139,4,3 Dry Red Chillies
139,5,1 Onion - finely chopped
139,6,2 Green Chillies - finely chopped
139,7,1/2 teaspoon Cumin seeds (Jeera)
139,8,1/2 teaspoon Mustard seeds
139,9,1 teaspoon White Urad Dal (Split)
139,10,1 sprig Curry leaves
139,11,1/2 teaspoon Asafoetida (hing)
139,12,Salt - to taste
140,1,2 cups Drumstick Leaves (Moringa/Murungai Keerai) - or Murrungai Keerai
140,2,1 cup Pearl onions (Sambar Onions) - chopped
140,3,1 inch Ginger - chopped
140,4,1 sprig Curry leaves
140,5,1 teaspoon Mustard seeds
140,6,Salt - to taste
140,7,Coconut Oil - for cooking
140,8,1/2 cup Fresh coconut
140,9,1 tablespoon Cumin seeds (Jeera)
140,10,1 tablespoon Turmeric powder (Haldi)
140,11,1 tablespoon Red Chilli powder
141,1,300 gram Fish
141,2,3 teaspoon Sunflower Oil
141,3,1/2 teaspoon Cumin seeds (Jeera)
141,4,1 Onion - chopped
141,5,1 teaspoon Ginger - paste
141,6,2 Tomatoes - chopped
141,7,3 cloves Garlic - finely chopped
141,8,1/4 teaspoon Turmeric powder (Haldi)
141,9,1/2 teaspoon Red Chilli powder
141,10,1/4 teaspoon Vinegar
141,11,1/4 Lemon juice
141,12,50 ml Coconut milk
141,13,Salt - to taste
142,1,300 grams Green beans (French Beans) - cut into inch long pieces
142,2,2 Onion - thinly sliced
142,3,1 teaspoon Mustard seeds
142,4,1 sprig Curry leaves
142,5,1/2 teaspoon Turmeric powder (Haldi)
142,6,1 teaspoon Black pepper powder
142,7,1 teaspoon Coconut Oil
142,8,Salt - to taste
143,1,2 cups Elephant yam (Suran/Senai/Ratalu) - cubed
143,2,2-1/2 cups Water
143,3,8 Garlic - cloves
143,4,1 Onion - finely chopped
143,5,1/2 teaspoon Turmeric powder (Haldi)
143,6,1-1/2 teaspoon Red Chilli powder
143,7,1/2 teaspoon Black pepper powder
143,8,1/2 teaspoon Fennel Powder
143,9,1 tablespoon Sunflower Oil
143,10,1 teaspoon Mustard seeds
143,11,6 Curry leaves
144,1,3 Carrots (Gajjar) - grated
144,2,1/2 Cabbage (Patta Gobi/ Muttaikose) - finely chopped
144,3,1 Onion - finely chopped
144,4,4 Green Chillies - slit
144,5,1/2 teaspoon Turmeric powder (Haldi)
144,6,1 teaspoon Cumin powder (Jeera)
144,7,1 tablespoon Sunflower Oil
144,8,1/2 teaspoon Mustard seeds
144,9,1/2 cup Fresh coconut - grated
144,10,6 Curry leaves
144,11,Salt - as required
145,1,1.5 cups Red Black Eyed Beans (Azuki)
145,2,1/2 cup Fresh coconut - grated
145,3,3 tablespoons Coriander (Dhania) Seeds
145,4,4 Dry Red Chillies
145,5,2 tablespoons Tamarind Paste
145,6,Coriander (Dhania) Leaves - few sprigs
145,7,1 tablespoon Sunflower Oil
145,8,Salt - to taste
