norm_key,n_lines,bucket,n_codes,ifct_code,ifct_name
salt,135,no_hit,0,,
curry leaves,111,unique,1,G010,Curry leaves
turmeric powder haldi,82,no_hit,0,,
fresh coconut,80,no_hit,0,,
coconut oil,72,unique,1,T001,Coconut oil
green chilli,67,multiple,8,G001,"Chillies, green-1"
green chilli,67,multiple,8,G002,"Chillies, green-2"
green chilli,67,multiple,8,G003,"Chillies, green-3"
green chilli,67,multiple,8,G004,"Chillies, green-4"
green chilli,67,multiple,8,G005,"Chillies, green-5"
green chilli,67,multiple,8,G006,"Chillies, green-6"
green chilli,67,multiple,8,G007,"Chillies, green-7"
green chilli,67,multiple,8,G008,"Chillies, green - all varieties"
mustard seed,60,unique,1,H013,Mustard seeds
garlic,50,no_hit,0,,
onion,48,no_hit,0,,
cumin seed jeera,41,no_hit,0,,
ginger,40,no_hit,0,,
dry red chilli,38,no_hit,0,,
red chilli powder,34,no_hit,0,,
sunflower oil,30,unique,1,T012,Sunflower oil
tomato,29,no_hit,0,,
water,29,no_hit,0,,
coconut milk,23,no_hit,0,,
black pepper powder,21,no_hit,0,,
ghee,18,unique,1,T013,Ghee
shallot,18,no_hit,0,,
pearl onion sambar onion,17,no_hit,0,,
jaggery,16,no_hit,0,,
sugar,16,no_hit,0,,
coriander dhania leaves,15,no_hit,0,,
coriander powder dhania,14,no_hit,0,,
cashew nut,13,unique,1,H005,Cashew nut
fennel seed saunf,13,no_hit,0,,
white urad dal split,13,no_hit,0,,
cardamom elaichi pod seed,12,no_hit,0,,
cinnamon stick dalchini,12,no_hit,0,,
coconut,12,no_hit,0,,
whole black peppercorn,12,no_hit,0,,
turmeric powder,12,unique,1,G033,Turmeric powder
lemon juice,11,unique,1,E033,"Lemon, juice"
cardamom powder elaichi,10,no_hit,0,,
chicken,10,no_hit,0,,
coriander dhania seed,10,no_hit,0,,
garam masala powder,10,no_hit,0,,
kashmiri red chilli powder,10,no_hit,0,,
methi seed fenugreek seed,10,no_hit,0,,
mustard,10,no_hit,0,,
carrot gajjar,9,no_hit,0,,
cloves laung,9,no_hit,0,,
curd dahi yogurt,9,no_hit,0,,
rice,9,no_hit,0,,
rice flour,9,no_hit,0,,
milk,8,no_hit,0,,
potato aloo,8,no_hit,0,,
raw banana,8,no_hit,0,,
oil,8,no_hit,0,,
ginger garlic paste,7,no_hit,0,,
mint leaf pudina,7,no_hit,0,,
tamarind,7,no_hit,0,,
baking soda,6,no_hit,0,,
elephant yam suran senai ratalu,6,no_hit,0,,
green bean french bean,6,no_hit,0,,
kokum malabar tamarind,6,no_hit,0,,
red matta rice,6,no_hit,0,,
all purpose flour maida,5,no_hit,0,,
asafoetida hing,5,no_hit,0,,
bhindi lady finger okra,5,no_hit,0,,
drumstick,5,unique,1,D046,Drumstick
fennel powder,5,no_hit,0,,
whole egg,5,no_hit,0,,
whole wheat flour,5,no_hit,0,,
cumin seed,5,unique,1,G025,Cumin seeds
small onion,5,unique,1,G018,"Onion, small"
chana dal bengal gram dal,4,no_hit,0,,
cumin powder jeera,4,no_hit,0,,
green peas matar,4,no_hit,0,,
kaddu parangikai/ pumpkin,4,no_hit,0,,
mango ripe,4,no_hit,0,,
methi powder fenugreek powder,4,no_hit,0,,
mutton,4,no_hit,0,,
prawn,4,no_hit,0,,
raisin,4,no_hit,0,,
ripe banana,4,no_hit,0,,
red chili powder,4,no_hit,0,,
active dry yeast,3,no_hit,0,,
arhar dal split toor dal,3,no_hit,0,,
bay leaf tej patta,3,no_hit,0,,
cinnamon,3,no_hit,0,,
cooked rice,3,no_hit,0,,
dry ginger powder,3,no_hit,0,,
green chilie,3,no_hit,0,,
green moong dal whole,3,no_hit,0,,
jackfruit ripe kathal,3,no_hit,0,,
lukewarm water,3,no_hit,0,,
mango raw,3,no_hit,0,,
tamarind water,3,no_hit,0,,
tapioca root,3,no_hit,0,,
vellai poosanikai ash gourd white pumpkin,3,no_hit,0,,
yellow moong dal split,3,no_hit,0,,
coriander powder,3,no_hit,0,,
badam almond,2,no_hit,0,,
baking powder,2,no_hit,0,,
basmati rice,2,no_hit,0,,
black urad dal split,2,no_hit,0,,
brinjal baingan eggplant,2,no_hit,0,,
butter unsalted,2,no_hit,0,,
cardamom elaichi pod seed powdered,2,no_hit,0,,
chayote,2,no_hit,0,,
cinnamon powder dalchini,2,no_hit,0,,
drumstick leaf moringa murungai keerai,2,no_hit,0,,
dry red chili,2,no_hit,0,,
dry coconut kopra,2,no_hit,0,,
fish,2,no_hit,0,,
ginger paste,2,no_hit,0,,
instant coffee powder,2,no_hit,0,,
instant oat oatmeal,2,no_hit,0,,
jackfruit raw kathal,2,no_hit,0,,
lemon,2,no_hit,0,,
meat masala,2,no_hit,0,,
nendra pazham banana ripe,2,no_hit,0,,
nutmeg powder,2,no_hit,0,,
paprika powder,2,no_hit,0,,
raw banana peel,2,no_hit,0,,
raw papaya,2,unique,1,D059,"Papaya, raw"
rum,2,no_hit,0,,
seer fish,2,no_hit,0,,
tamarind paste,2,no_hit,0,,
tutti frutti,2,no_hit,0,,
vinegar,2,no_hit,0,,
cabbage,2,no_hit,0,,
carrot,2,no_hit,0,,
cumin,2,no_hit,0,,
dry red chilie,2,no_hit,0,,
green bean,2,no_hit,0,,
green chili,2,no_hit,0,,
okra,2,no_hit,0,,
potato,2,no_hit,0,,
red chili,2,no_hit,0,,
rye,2,no_hit,0,,
suran,2,no_hit,0,,
tsp cumin seed,1,no_hit,0,,
aachi fish masala,1,no_hit,0,,
ada,1,no_hit,0,,
asafoetida hing pinch,1,no_hit,0,,
asafoetida hing powder,1,no_hit,0,,
ash gourd,1,unique,1,D001,Ash gourd
baby potato,1,no_hit,0,,
bajra flour pearl millet,1,no_hit,0,,
banana stem,1,no_hit,0,,
banana flower vazhaipoo,1,no_hit,0,,
black eyed bean lobia,1,no_hit,0,,
brown rice,1,no_hit,0,,
butter,1,no_hit,0,,
button mushroom,1,no_hit,0,,
cabbage patta gobi/ muttaikose,1,no_hit,0,,
candied orange peel,1,no_hit,0,,
caramel sauce,1,no_hit,0,,
caster sugar,1,no_hit,0,,
cauliflower gobi,1,no_hit,0,,
champagne,1,no_hit,0,,
chicken masala,1,no_hit,0,,
chinese potato,1,no_hit,0,,
colocasia root arbi,1,no_hit,0,,
cooking soda,1,no_hit,0,,
crab,1,multiple,2,Q001,Crab
crab,1,multiple,2,S007,Crab
cucumber,1,no_hit,0,,
curry leaf,1,no_hit,0,,
dried fig,1,no_hit,0,,
egg white,1,no_hit,0,,
egg yolk,1,no_hit,0,,
enos fruit salt,1,no_hit,0,,
extra virgin olive oil,1,no_hit,0,,
fish fillet,1,no_hit,0,,
galic,1,no_hit,0,,
garlic paste,1,no_hit,0,,
glazed cherry,1,no_hit,0,,
gram flour besan,1,no_hit,0,,
green chawli bean yard long bean karamani barbati,1,no_hit,0,,
guava,1,no_hit,0,,
guava juice,1,no_hit,0,,
homemade tomato puree,1,no_hit,0,,
horse gram dal kollu/ kulith,1,no_hit,0,,
hot water,1,no_hit,0,,
icing sugar,1,no_hit,0,,
jackfruit seed kathal,1,no_hit,0,,
kala chana brown chickpea,1,no_hit,0,,
karela bitter gourd/ pavakkai,1,no_hit,0,,
kashmiri red chili powder,1,no_hit,0,,
mango,1,no_hit,0,,
mixed dry fruit apricot,1,no_hit,0,,
mixed vegetable french bean,1,no_hit,0,,
mixed vegetable potato,1,no_hit,0,,
mixed nut almond,1,no_hit,0,,
mooli mullangi radish,1,no_hit,0,,
mustard oil,1,unique,1,T006,Mustard oil
orange,1,no_hit,0,,
palm sugar,1,no_hit,0,,
papad,1,no_hit,0,,
papaya,1,no_hit,0,,
papaya juice,1,no_hit,0,,
poppy seed,1,unique,1,G032,Poppy seeds
prawn tiger,1,unique,1,S010,Tiger prawns
ragi flour finger millet/ nagli,1,no_hit,0,,
rasam powder,1,no_hit,0,,
raw peanut moongphali,1,no_hit,0,,
red chilli flake,1,no_hit,0,,
red black eyed bean azuki,1,no_hit,0,,
rice ada,1,no_hit,0,,
rice puttu,1,no_hit,0,,
saffron strand,1,no_hit,0,,
sambar powder,1,no_hit,0,,
sardine fish mati,1,no_hit,0,,
sardine fish,1,no_hit,0,,
shrimp,1,no_hit,0,,
squid,1,no_hit,0,,
sweet potato,1,no_hit,0,,
tulsi holy basil,1,no_hit,0,,
vanilla extract,1,no_hit,0,,
vivatta maida,1,no_hit,0,,
yam,1,no_hit,0,,
arabic,1,no_hit,0,,
black gram,1,no_hit,0,,
brinjal,1,multiple,22,D010,Brinjal 1
brinjal,1,multiple,22,D011,Brinjal 2
brinjal,1,multiple,22,D012,Brinjal 3
brinjal,1,multiple,22,D013,Brinjal 4
brinjal,1,multiple,22,D014,Brinjal 5
brinjal,1,multiple,22,D015,Brinjal 6
brinjal,1,multiple,22,D016,Brinjal 7
brinjal,1,multiple,22,D017,Brinjal 8
brinjal,1,multiple,22,D018,Brinjal 9
brinjal,1,multiple,22,D019,Brinjal 10
brinjal,1,multiple,22,D020,Brinjal 11
brinjal,1,multiple,22,D021,Brinjal 12
brinjal,1,multiple,22,D022,Brinjal 13
brinjal,1,multiple,22,D023,Brinjal 14
brinjal,1,multiple,22,D024,Brinjal 15
brinjal,1,multiple,22,D025,Brinjal 16
brinjal,1,multiple,22,D026,Brinjal 17
brinjal,1,multiple,22,D027,Brinjal 18
brinjal,1,multiple,22,D028,Brinjal 19
brinjal,1,multiple,22,D029,Brinjal 20
brinjal,1,multiple,22,D030,Brinjal 21
brinjal,1,multiple,22,D031,Brinjal - all varieties
cardamom powder,1,no_hit,0,,
cast curry leaves,1,no_hit,0,,
coriander,1,no_hit,0,,
coriander leaves,1,unique,1,G009,Coriander leaves
cumin powder,1,no_hit,0,,
curd,1,no_hit,0,,
egg,1,no_hit,0,,
fenugreek seed,1,unique,1,G026,Fenugreek seeds
ginger powder,1,no_hit,0,,
green coriander,1,no_hit,0,,
green pea,1,no_hit,0,,
hot masala powder,1,no_hit,0,,
luke warm water,1,no_hit,0,,
nugget curry leaves,1,no_hit,0,,
olive oil,1,no_hit,0,,
peel,1,no_hit,0,,
pepper powder,1,no_hit,0,,
red chilli flax,1,no_hit,0,,
small onion sambar,1,no_hit,0,,
small onion sambar one,1,no_hit,0,,
small potato,1,no_hit,0,,
tighten it,1,no_hit,0,,
tulsi,1,no_hit,0,,
turmeric,1,no_hit,0,,
white urad dal,1,no_hit,0,,
whole black pepper,1,no_hit,0,,
whole pepper,1,no_hit,0,,
